SKU,EAN,STOCK,STATUS
IGOD0060,,2,instock
25129,5901435403464,0,outofstock
5910375,5901435415986,1,instock
775908,5901435409701,15,instock
776267,5901435409718,15,instock
776268,5901435409725,15,instock
12277,5901435412053,15,instock
783023,5901435412077,15,instock
5913129,5901435417874,15,instock
8338,5904341200868,15,instock
761601,5904341200509,15,instock
5908855,5901435415658,15,instock
5908856,5901435415665,15,instock
5909042,5901435415672,15,instock
5909043,5901435415689,15,instock
7326,5904341200486,15,instock
5905629,5901435415344,15,instock
21127,5904341206518,15,instock
787805,5901435413746,15,instock
5912555,5901435414453,15,instock
5905651,5901435414460,15,instock
776103,5901435409367,15,instock
776270,5901435409374,15,instock
5914057,5901435418215,15,instock
12291,5904341207126,15,instock
765948,5904341208635,15,instock
765950,5904341208666,15,instock
765951,5904341209694,15,instock
3166,5904341207157,15,instock
5914929,5901435418581,15,instock
5914058,5901435418222,15,instock
14836,5904341209106,15,instock
23986,5901435402498,15,instock
766115,5901435406359,15,instock
768294,5901435411100,5,instock
780787,5901435411803,15,instock
791335,5901435413753,0,outofstock
5912636,5901435417331,0,outofstock
785311,5901435413388,15,instock
5914906,5901435418598,15,instock
785828,5901435413449,1,instock
769926,5901435407912,15,instock
771529,5901435408148,15,instock
774718,5901435409411,15,instock
5914072,5901435418239,15,instock
774838,5901435409428,15,instock
59114535,5901435418611,15,instock
5912453,5901435416228,5,instock
5906850,5901435415337,16,instock
5903084,5901435413845,15,instock
9551,5904341209861,0,outofstock
2431,5904341208864,15,instock
1688,5904341208871,15,instock
1699,5904341208895,15,instock
12957,5901435400142,0,outofstock
13237,5901435400623,15,instock
5905016,5901435414699,1,instock
5905017,5901435414705,1,instock
5905018,5901435414712,15,instock
5905020,5901435414736,1,instock
5905022,5901435414750,15,instock
5905023,5901435414767,15,instock
5914741,5901435415474,15,instock
779598,5901435411827,0,outofstock
790799,5901435411834,15,instock
787233,5901435413302,5,instock
5905155,5901435411841,15,instock
764228,5901435405949,5,instock
776621,5901435410684,15,instock
786263,5901435413074,15,instock
767401,5901435413999,15,instock
789429,5901435414019,15,instock
5902731,5901435414200,15,instock
5911223,5901435416785,15,instock
776826,5901435409848,0,outofstock
776827,5901435409862,1,instock
790634,5901435413760,15,instock
5913849,5901435418154,15,instock
5907257,5901435415023,0,outofstock
5907259,5901435415030,0,outofstock
5907258,5901435415047,0,outofstock
5911653,5901435413203,15,instock
5912067,5901435413210,15,instock
5912068,5901435417164,15,instock
5912069,5901435417171,15,instock
5912070,5901435417188,15,instock
5913755,5901435418123,15,instock
5906123,5901435414972,15,instock
5906124,5901435414989,15,instock
5911158,5901435417003,15,instock
5906125,5901435414996,0,outofstock
5908115,5901435415726,16,instock
5909044,5901435415801,15,instock
5909045,5901435415818,15,instock
5911224,5901435417041,15,instock
5911225,5901435417058,15,instock
5909046,5901435415825,15,instock
5909047,5901435415832,15,instock
5911226,5901435417065,15,instock
5911227,5901435417072,15,instock
791103,5901435413852,15,instock
5905460,5901435413876,15,instock
790470,5901435413968,0,outofstock
5906851,5901435414651,1,instock
5906715,5901435414668,15,instock
5906716,5901435414675,15,instock
5914152,5901435415450,15,instock
783609,5901435412756,0,outofstock
783610,5901435412763,15,instock
5905640,5901435414583,0,outofstock
5905641,5901435414590,15,instock
5905642,5901435414606,1,instock
5905644,5901435414613,0,outofstock
5907736,5901435415511,15,instock
5907891,5901435415528,15,instock
5907892,5901435415535,15,instock
5907893,5901435415542,15,instock
5907894,5901435415559,1,instock
5907895,5901435415566,15,instock
5907896,5901435415573,15,instock
5907897,5901435415580,15,instock
5908259,5901435415603,15,instock
5909048,5901435415849,15,instock
5913238,5901435415948,5,instock
5909050,5901435415863,0,outofstock
5911953,5901435417218,15,instock
5909051,5901435415870,15,instock
5909372,5901435415887,5,instock
5909375,5901435415917,15,instock
5909376,5901435415924,0,outofstock
5913239,5901435415962,15,instock
5913240,5901435415979,15,instock
5913241,5901435417959,15,instock
5914249,5901435418000,15,instock
5914250,5901435418017,15,instock
5914251,5901435418024,15,instock
5914252,5901435418031,15,instock
5910059,5901435416068,15,instock
5910060,5901435416075,0,outofstock
5910062,5901435416099,15,instock
5910063,5901435416518,15,instock
5910064,5901435416105,15,instock
5910065,5901435416112,15,instock
5910068,5901435416143,0,outofstock
5910069,5901435416150,15,instock
5910070,5901435416167,15,instock
5912638,5901435416174,15,instock
5913080,5901435416204,5,instock
5913756,5901435416211,15,instock
5913758,5901435417270,15,instock
5913762,5901435417645,15,instock
5909577,5901435416396,15,instock
5909578,5901435416402,15,instock
5911228,5901435417027,15,instock
5910165,5901435416433,15,instock
5909658,5901435416495,16,instock
5911654,5901435416501,15,instock
5911114,5901435416587,15,instock
5913130,5901435416594,15,instock
5911063,5901435416525,1,instock
5911064,5901435416532,15,instock
5911065,5901435416549,0,outofstock
5911066,5901435416556,5,instock
5912159,5901435416563,1,instock
5911236,5901435416600,1,instock
5911237,5901435416617,15,instock
5911238,5901435416624,15,instock
5911239,5901435416631,15,instock
5911240,5901435416648,15,instock
5911241,5901435416655,0,outofstock
5911242,5901435416662,1,instock
5911243,5901435416679,5,instock
5911244,5901435416686,0,outofstock
5911245,5901435416693,0,outofstock
5911160,5901435416709,15,instock
5911162,5901435416716,15,instock
5911161,5901435416723,0,outofstock
5910699,5901435416747,15,instock
5910700,5901435416754,0,outofstock
5910701,5901435416761,15,instock
5910592,5901435416778,15,instock
5911068,5901435416808,15,instock
5911069,5901435416815,15,instock
5911070,5901435416822,15,instock
5911071,5901435416839,15,instock
5911072,5901435416846,15,instock
5911229,5901435416853,15,instock
5910985,5901435416860,15,instock
5910986,5901435416877,0,outofstock
5910987,5901435416884,0,outofstock
5910988,5901435416891,0,outofstock
5910990,5901435416914,0,outofstock
5910991,5901435416921,5,instock
5910992,5901435416938,0,outofstock
5912091,5901435417089,15,instock
5912092,5901435417096,15,instock
5912093,5901435417102,0,outofstock
5912094,5901435417119,0,outofstock
5911954,5901435416303,15,instock
5911955,5901435416310,15,instock
5911956,5901435416327,15,instock
5911164,5901435416945,0,outofstock
5911165,5901435416952,0,outofstock
5911167,5901435416976,1,instock
5911168,5901435416983,15,instock
5911169,5901435416990,15,instock
5911115,5901435417126,15,instock
5910882,5901435417140,15,instock
5911364,5901435417133,15,instock
5913081,5901435417225,15,instock
5913082,5901435417232,15,instock
5913083,5901435417249,15,instock
5913131,5901435417256,0,outofstock
5913132,5901435417263,15,instock
5912458,5901435417300,0,outofstock
5912160,5901435417287,15,instock
5912161,5901435417294,15,instock
5912556,5901435416440,15,instock
5912071,5901435417379,15,instock
5912640,5901435417560,0,outofstock
5912641,5901435417577,0,outofstock
5912642,5901435417584,0,outofstock
5913191,5901435417591,5,instock
5913192,5901435417607,1,instock
5913193,5901435417614,1,instock
5913194,5901435417621,1,instock
5913084,5901435417652,1,instock
5913086,5901435417676,15,instock
5913087,5901435417683,15,instock
5913088,5901435417690,15,instock
5913089,5901435417706,0,outofstock
5913090,5901435417713,15,instock
5913091,5901435417720,0,outofstock
5913092,5901435417737,15,instock
5913093,5901435417669,15,instock
5913094,5901435417751,15,instock
5913096,5901435417768,15,instock
5913097,5901435417775,15,instock
5913195,5901435417812,15,instock
5913196,5901435417829,15,instock
5913197,5901435417836,15,instock
5913198,5901435417843,1,instock
5913199,5901435417850,15,instock
5913200,5901435417867,15,instock
5913907,5901435417898,15,instock
5913908,5901435417904,15,instock
5913909,5901435417911,15,instock
5913910,5901435417928,15,instock
5914071,5901435417935,15,instock
5914073,5901435417942,15,instock
5914076,5901435417966,15,instock
5914074,5901435418048,15,instock
5914075,5901435418055,0,outofstock
5914077,5901435418062,0,outofstock
5914079,5901435418079,0,outofstock
5914082,5901435418086,0,outofstock
5914083,5901435418093,0,outofstock
5914084,5901435418109,15,instock
5914086,5901435418116,0,outofstock
5914330,5901435418307,15,instock
5914331,5901435418314,15,instock
5914332,5901435418321,5,instock
5914334,5901435418338,15,instock
5914335,5901435418345,15,instock
5914525,5901435418369,0,outofstock
5914526,5901435418376,15,instock
5914527,5901435418383,15,instock
5914528,5901435418390,0,outofstock
5914529,5901435418406,0,outofstock
5914842,5901435418420,15,instock
5914844,5901435418437,15,instock
5914847,5901435418444,15,instock
5914845,5901435418451,0,outofstock
5914846,5901435418468,15,instock
5914274,5901435416457,0,outofstock
769644,5901435407394,15,instock
769505,5901435407400,15,instock
772230,5901435408681,16,instock
5907986,5901435415016,15,instock
769621,5901435407424,15,instock
769622,5901435407431,15,instock
5914253,5901435418130,15,instock
5914254,5901435418147,15,instock
770161,5901435407950,0,outofstock
770162,5901435407967,15,instock
5905219,5901435414507,15,instock
5905220,5901435414514,15,instock
5905221,5901435414521,15,instock
5908607,5901435415764,0,outofstock
5908608,5901435415771,15,instock
5908609,5901435415788,15,instock
776829,5901435409749,15,instock
776831,5901435409763,15,instock
5905222,5901435414477,15,instock
5905224,5901435414491,15,instock
5908610,5901435415733,15,instock
5908612,5901435415757,15,instock
5914907,5901435418475,15,instock
5914908,5901435418482,15,instock
5914909,5901435418499,15,instock
776625,5901435410769,15,instock
776626,5901435410776,15,instock
776627,5901435410783,15,instock
777623,5901435411001,15,instock
777624,5901435411018,0,outofstock
778059,5901435411025,15,instock
764451,5901435406212,15,instock
776629,5901435409473,1,instock
776630,5901435409480,0,outofstock
777994,5901435411087,15,instock
5903085,5901435414248,0,outofstock
777009,5901435410936,2,instock
777125,5901435410851,5,instock
777126,5901435410868,5,instock
5912320,5901435417157,0,outofstock
1740,5904341203623,15,instock
12840,5904341203616,15,instock
616,5904341203630,15,instock
614,5904341209731,15,instock
1739,5904341209724,15,instock
615,5904341209748,15,instock
887,5904341209755,15,instock
11746,5906699072869,15,instock
5393,5906699072876,15,instock
6703,5906699072883,5,instock
6705,5906699072890,15,instock
15042,5906699072906,15,instock
8808,5906699072913,15,instock
5914910,5901435417997,15,instock
769102,5906699072920,15,instock
769101,5906699072937,15,instock
769100,5906699072944,15,instock
769389,5906699072951,15,instock
769103,5906699072975,15,instock
5914401,5901435417980,15,instock
5913546,5901435417973,15,instock
773429,5901435409053,15,instock
776269,5901435410240,15,instock
775104,5901435409558,15,instock
775987,5901435409565,15,instock
775988,5901435409572,15,instock
5914081,5901435418208,15,instock
776905,5901435410301,0,outofstock
776906,5901435410318,15,instock
783456,5901435412794,15,instock
783457,5901435412800,15,instock
783458,5901435412817,1,instock
783459,5901435412824,0,outofstock
781221,5901435412084,1,instock
781222,5901435412091,0,outofstock
5907943,5901435415481,15,instock
5909660,5901435415498,15,instock
776835,5901435409824,15,instock
779903,5901435411698,0,outofstock
779904,5901435411704,0,outofstock
779794,5901435411711,15,instock
779795,5901435411728,15,instock
5914742,5901435418505,15,instock
779609,5901435411766,0,outofstock
5914743,5901435418512,15,instock
5906717,5901435415054,1,instock
5906718,5901435415061,1,instock
5906719,5901435415078,1,instock
5906720,5901435415085,1,instock
5906721,5901435415092,1,instock
5906723,5901435415115,1,instock
5906724,5901435415122,1,instock
5906725,5901435415139,1,instock
5906726,5901435415146,5,instock
5906727,5901435415153,5,instock
5906728,5901435415160,5,instock
5906729,5901435415184,1,instock
5906730,5901435415191,1,instock
5906731,5901435415207,1,instock
5906732,5901435415214,0,outofstock
5906733,5901435415221,0,outofstock
5906734,5901435415252,5,instock
5906736,5901435415276,5,instock
5906737,5901435415283,5,instock
5906739,5901435415306,1,instock
5906740,5901435415313,1,instock
5910374,5901435415320,1,instock
5906741,5901435415177,1,instock
5906743,5901435415245,5,instock
5906744,5901435415610,1,instock
5906745,5901435415627,1,instock
783183,5901435412282,15,instock
783184,5901435412251,15,instock
774437,5901435409312,15,instock
774439,5901435409336,15,instock
773654,5901435408780,0,outofstock
773656,5901435408803,0,outofstock
775439,5901435409206,15,instock
5905457,5901435414361,0,outofstock
5905024,5901435414378,15,instock
5914293,5901435418246,15,instock
5914294,5901435418253,15,instock
12287,5901435415351,0,outofstock
5907307,5901435415368,0,outofstock
5907261,5901435415375,15,instock
784025,5901435412879,15,instock
786134,5901435412886,15,instock
786137,5901435412893,15,instock
773431,5901435408964,0,outofstock
773433,5901435408971,0,outofstock
773434,5901435408988,1,instock
773436,5901435408995,15,instock
5914275,5901435418260,15,instock
5914276,5901435418277,15,instock
7225,5901435400487,15,instock
773700,5901435409060,0,outofstock
773702,5901435409084,15,instock
5914277,5901435418284,15,instock
5914278,5901435418291,15,instock
779738,5901435411377,0,outofstock
779739,5901435411384,15,instock
779741,5901435411407,0,outofstock
779742,5901435411414,0,outofstock
773895,5901435408704,15,instock
776153,5901435408711,15,instock
773896,5901435408728,15,instock
773982,5901435408872,15,instock
773983,5901435408889,15,instock
773984,5901435408896,15,instock
781248,5901435412114,15,instock
5909052,5901435414279,15,instock
5909053,5901435414286,15,instock
5909054,5901435415795,15,instock
5911524,5901435417034,15,instock
5913814,5901435411292,15,instock
5905458,5905317670067,15,instock
5905461,5905317670081,15,instock
5913547,5905317670517,15,instock
790015,5901435412299,15,instock
782577,5901435409947,15,instock
782141,5901435412671,15,instock
5903462,5901435412305,15,instock
59114537,5901435416181,15,instock
5905630,5901435414446,15,instock
5914279,5901435403204,0,outofstock
5914280,5901435416266,0,outofstock
5914281,5901435416273,0,outofstock
5914282,5901435417881,0,outofstock
769827,5901435407615,1,instock
769826,5901435407622,15,instock
769828,5901435407639,15,instock
5909326,5901435413586,15,instock
5910376,5901435416297,5,instock
5909196,5901435405659,0,outofstock
5906127,5901435414897,0,outofstock
5906128,5901435414903,5,instock
5906130,5901435414927,15,instock
5906132,5901435414941,15,instock
5906133,5901435414958,0,outofstock
5906134,5901435414965,5,instock
777371,5901435410646,15,instock
777372,5901435410660,5,instock
777018,5901435410394,0,outofstock
770821,5901435408254,15,instock
539,5904341205009,15,instock
1267,5904341205016,15,instock
3376,5901435400678,15,instock
9993,5904341205047,1,instock
22845,5901435403655,1,instock
770822,5901435408100,15,instock
5912459,5901435417317,0,outofstock
772627,5902963015310,1,instock
772625,5902963015327,1,instock
772626,5902963015341,1,instock
772628,5902963015334,0,outofstock
772629,5902963015358,1,instock
786155,5902963015266,15,instock
786157,5902963015273,5,instock
786154,5902963015280,5,instock
786159,5902963015259,5,instock
786156,5902963015297,1,instock
772185,5902963071774,15,instock
771956,5902963071767,15,instock
772049,5902963071750,15,instock
772050,5902963071743,15,instock
772051,5902963071736,15,instock
772187,5902963071682,15,instock
771957,5902963071668,1,instock
772044,5902963071699,15,instock
772045,5902963071705,15,instock
772046,5902963071712,15,instock
778405,5902963015198,1,instock
778403,5902963015204,1,instock
778404,5902963015211,5,instock
778406,5902963015228,1,instock
778407,5902963015235,5,instock
778402,5902963015242,1,instock
772198,5902963071552,15,instock
772041,5902963071569,1,instock
772197,5902963071576,0,outofstock
772199,5902963071583,5,instock
772200,5902963071590,5,instock
21393,,15,instock
784480,5902963002150,0,outofstock
771230,5902963071385,5,instock
784510,5902963002181,5,instock
768291,5901549198812,5,instock
777113,5902963007063,15,instock
777568,5902963070227,15,instock
777114,5902963007087,15,instock
777115,5902963007094,0,outofstock
777117,5902963007100,15,instock
777116,5902963007117,15,instock
786151,5902963007124,5,instock
777565,5902963007131,15,instock
5909167,5905489408529,1,instock
5914536,5902963002969,15,instock
5914536,5902963002976,1,instock
761267,5902963007148,1,instock
775669,5902963007155,5,instock
779249,5902963001283,15,instock
779237,5902963001290,1,instock
779254,5902963001306,1,instock
779242,5902963001313,1,instock
779247,5902963001320,5,instock
779247,5902963001337,0,outofstock
779257,5902963001344,15,instock
779245,5902963001351,15,instock
779246,5902963001368,5,instock
779246,5902963001375,15,instock
779256,5902963001382,15,instock
779244,5902963001399,15,instock
779255,5902963001405,1,instock
779251,5902963001429,5,instock
779239,5902963001436,5,instock
5912428,5902963001566,0,outofstock
5912429,5902963001573,5,instock
5912430,5902963001580,0,outofstock
5912267,5902963001597,15,instock
779253,5902963001450,5,instock
779241,5902963001443,1,instock
779260,5902963001542,15,instock
779248,5902963001559,1,instock
5914716,5905489408925,5,instock
5914538,5905489408949,15,instock
5914539,5905489408932,15,instock
5914540,5905489408956,15,instock
772377,5902963015181,5,instock
772376,5902963015174,5,instock
772379,5902963015167,5,instock
772375,5902963015150,5,instock
772378,5902963015143,5,instock
772367,5902963015136,5,instock
772366,5902963015129,5,instock
772369,5902963015112,5,instock
772365,5902963015105,5,instock
772368,5902963015099,0,outofstock
772353,5902963015082,1,instock
772352,5902963015075,5,instock
772355,5902963015068,5,instock
772351,5902963015051,5,instock
772354,5902963015044,5,instock
772420,5902963015037,15,instock
772419,5902963015020,15,instock
772422,5902963015013,15,instock
772418,5902963015006,15,instock
772421,5902963014993,15,instock
772415,5902963071996,5,instock
772414,5902963071989,15,instock
772417,5902963071972,15,instock
772413,5902963071965,15,instock
772416,5902963071958,15,instock
772392,5902963071941,5,instock
772391,5902963071934,5,instock
772394,5902963071927,1,instock
772393,5902963071903,0,outofstock
772382,5902963071897,5,instock
772381,5902963071880,5,instock
772389,5902963071873,15,instock
772380,5902963071866,5,instock
772388,5902963071859,1,instock
5912431,5902963004345,1,instock
772387,5902963071651,1,instock
772386,5902963071644,1,instock
772389,5902963071637,1,instock
772385,5902963071620,5,instock
772388,5902963071613,1,instock
2532,5902963007735,5,instock
761266,5902963007742,15,instock
771398,5902963007759,15,instock
776160,5902963007964,0,outofstock
762780,5902963007971,15,instock
776161,5902963007988,5,instock
5910296,5902963007995,15,instock
762779,5902963008008,0,outofstock
5910298,5902963008015,15,instock
780954,5902963008022,1,instock
762776,5902963008039,5,instock
780955,5902963008046,1,instock
762787,5902963008053,15,instock
788738,5902963008060,15,instock
788737,5902963008077,15,instock
762788,5902963008084,1,instock
791380,5902963008091,15,instock
791381,5902963008107,15,instock
5903225,5902963008114,1,instock
762784,5902963008121,0,outofstock
5903226,5902963008138,1,instock
762782,5902963008145,15,instock
771765,5902963008152,15,instock
771766,5902963008169,1,instock
5905351,5902963008350,15,instock
5905352,5902963008367,15,instock
5905353,590293008374,15,instock
764613,5902963008381,1,instock
779205,5902963008398,1,instock
779206,5902963008404,5,instock
771343,5902963070999,5,instock
771344,5902963071002,15,instock
771345,5902963071019,5,instock
786650,5902963002334,5,instock
786648,5902963002341,5,instock
786651,5902963002358,15,instock
786646,5902963002372,1,instock
786644,5902963002389,5,instock
786647,5902963002396,1,instock
786645,5902963002402,0,outofstock
786638,5902963002419,15,instock
786636,5902963002426,1,instock
786639,5902963002433,1,instock
786637,5902963002440,1,instock
786682,5902963002457,1,instock
786680,5902963002464,5,instock
786683,5902963002471,1,instock
786679,5902963002495,1,instock
786676,5902963002501,1,instock
786678,5902963002518,1,instock
786662,5902963002532,5,instock
786660,5902963002549,1,instock
786663,5902963002556,5,instock
786658,5902963002570,5,instock
786656,5902963002587,5,instock
786659,5902963002594,5,instock
5912432,5902963002693,0,outofstock
5912433,5902963002709,0,outofstock
786654,5902963002716,5,instock
786652,5902963002723,15,instock
786655,5902963002730,15,instock
786642,5902963002754,0,outofstock
786640,5902963002761,5,instock
786643,5902963002778,0,outofstock
787099,5902963002792,5,instock
787097,5902963002808,5,instock
787100,5902963002815,15,instock
787098,5902963002822,1,instock
773774,5902963015976,1,instock
773773,5902963015945,0,outofstock
5907264,5902963000200,1,instock
5904429,5902963000606,5,instock
5904428,5902963000576,1,instock
5906192,5902963004734,0,outofstock
5906227,5902963004581,5,instock
5906226,5902963004598,0,outofstock
5906225,5902963004604,1,instock
5906224,5902963004611,1,instock
5906223,5902963004628,1,instock
5906215,5902963004666,1,instock
5906203,5902963004871,1,instock
5906202,5902963004864,0,outofstock
5906200,5902963004857,0,outofstock
5906197,5902963004901,5,instock
5906194,5902963004888,1,instock
774691,5902963008732,5,instock
3605,5902963008749,5,instock
788739,5902963008756,15,instock
771546,5902963008794,15,instock
5912474,5902963008848,1,instock
5912473,5902963008855,1,instock
774697,5902963008862,15,instock
21538,5902963008879,5,instock
772887,5902963008886,1,instock
8669,5902963008893,5,instock
774696,5902963008961,1,instock
19376,5902963008978,15,instock
780419,5902963008985,15,instock
15195,5902963008992,15,instock
764615,5902963009005,1,instock
774692,5902963009012,1,instock
770969,5902963071040,15,instock
770968,5902963071101,15,instock
764998,5902963009166,1,instock
787101,5902963009227,1,instock
786162,5902963009241,5,instock
782574,5902963009265,0,outofstock
5906218,5902963004789,1,instock
5906217,5902963004772,5,instock
5906216,5902963004765,0,outofstock
5906221,5902963004819,1,instock
5906220,5902963004802,1,instock
5906219,5902963004796,0,outofstock
779618,5902963009913,1,instock
12403,5902963009920,1,instock
771347,5902963009982,5,instock
14617,5902963009999,0,outofstock
13369,5902963010001,5,instock
771767,5902963010018,5,instock
761262,5902963010193,15,instock
776165,5902963010209,5,instock
3151,,15,instock
781152,,1,instock
10953,,15,instock
761263,5902963010216,15,instock
771768,5902963010223,5,instock
777123,5902963010230,5,instock
761261,5902963010247,5,instock
781253,5902963010254,5,instock
781254,5902963010261,1,instock
762781,5902963010278,5,instock
762783,5902963010285,5,instock
771769,5902963010292,0,outofstock
771770,5902963010308,1,instock
765000,5902963010384,0,outofstock
776391,5902963010414,15,instock
772002,5902963010421,5,instock
772001,5902963010438,5,instock
5905371,5902963010445,5,instock
5905372,5902963010452,15,instock
772397,5902963015594,1,instock
772396,5902963015600,1,instock
772399,5902963015617,1,instock
772395,5902963015624,1,instock
772398,5902963015631,1,instock
779952,5902963015747,15,instock
782575,5902963015754,15,instock
779951,5902963015761,0,outofstock
779953,5902963015778,5,instock
779954,5902963015785,5,instock
772405,5902963015693,0,outofstock
772409,5902963015655,1,instock
772412,5902963015662,5,instock
772403,5902963015723,1,instock
772411,5902963015686,5,instock
772193,5902963015808,1,instock
772190,5902963015815,15,instock
772192,5902963015822,15,instock
772194,5902963015839,15,instock
772195,5902963015846,1,instock
772404,5902963015709,0,outofstock
772407,5902963015716,5,instock
772406,5902963015730,5,instock
779252,5902963001467,15,instock
779240,5902963001474,5,instock
779250,5902963001481,1,instock
779238,5902963001498,1,instock
786674,5902963002839,5,instock
786672,5902963002846,1,instock
786675,5902963002853,1,instock
786666,5902963002877,1,instock
786664,5902963002884,1,instock
786667,5902963002891,0,outofstock
786670,5902963002914,1,instock
786668,5902963002921,0,outofstock
786671,5902963002938,5,instock
786364,5902963002273,5,instock
786363,5902963002280,5,instock
5908255,5902963004222,5,instock
771346,5902963011220,5,instock
761264,5902963011237,15,instock
772207,5902963011244,15,instock
6559,5902963011251,5,instock
5778,5902963011275,1,instock
779949,5902963011282,0,outofstock
14499,5902963011305,5,instock
776017,5902963011312,15,instock
775916,5902963011336,15,instock
14869,5902963011343,15,instock
15258,5902963011398,15,instock
776392,5902963011404,15,instock
779617,5902963011459,1,instock
15194,5902963011466,1,instock
776388,5902963011565,1,instock
772149,5902963011572,5,instock
764616,5902963011589,1,instock
771763,5902963011596,1,instock
771758,5902963071088,1,instock
770973,5902963071095,1,instock
773932,5902963011855,1,instock
781421,5902963011879,0,outofstock
780432,5902963011893,1,instock
14613,5902963011992,1,instock
782853,5902963001931,5,instock
782851,5902963001948,15,instock
782850,5902963001955,15,instock
782852,5902963001962,1,instock
782855,5902963001979,15,instock
782854,5902963001986,15,instock
5903885,5902963004437,1,instock
5903599,5905489408055,15,instock
5903223,5905489408048,0,outofstock
5903222,5905489408031,0,outofstock
5903220,5905489408024,5,instock
5903221,5905489408017,0,outofstock
5903224,5905489408000,1,instock
5911107,5905489408796,1,instock
5911108,5905489408772,1,instock
5909170,5905489408482,1,instock
5909175,5905489408512,1,instock
5909174,5905489408505,1,instock
5909173,5905489408499,1,instock
5909169,5905489408475,1,instock
5905168,5905489408291,1,instock
5911298,5905489408284,0,outofstock
5911296,5905489408307,1,instock
5911297,5905489408277,0,outofstock
5905072,5905489408253,5,instock
5905074,5905489408246,1,instock
5905073,5905489408260,1,instock
783345,8710103965305,0,outofstock
5906714,8710103993728,1,instock
5904440,8710103990666,0,outofstock
5904174,8710103990673,1,instock
5904173,8710103990680,5,instock
5903687,8710103990710,5,instock
5902714,8710103974611,0,outofstock
5912455,8720689039536,0,outofstock
5914564,8720689027038,1,instock
775740,8710103873778,15,instock
5910272,8720689028028,0,outofstock
5910273,8720689028042,0,outofstock
5910274,8720689028059,5,instock
5910275,8720689028110,1,instock
5910276,8720689028202,1,instock
5910277,8720689029049,1,instock
5914452,8720689041744,5,instock
5914367,8720689041768,5,instock
5914453,8720689041959,15,instock
5913251,8720689041997,15,instock
59114538,8720689042017,1,instock
783202,8710103949213,0,outofstock
785551,8710103949251,0,outofstock
784058,8710103949299,0,outofstock
783455,8710103949336,0,outofstock
783203,8710103949374,0,outofstock
784016,8710103949411,0,outofstock
784165,8710103949459,0,outofstock
788638,8710103982494,0,outofstock
789031,8710103982517,0,outofstock
787953,8710103982388,0,outofstock
789032,8710103982418,0,outofstock
5913594,8720689042376,5,instock
5913593,8720689042826,1,instock
5913592,8720689042383,1,instock
5913250,8720689042390,0,outofstock
789365,8710103993001,0,outofstock
789843,8710103993063,0,outofstock
789423,8710103993162,0,outofstock
5906229,8720689016216,5,instock
5906228,8720689016513,0,outofstock
5906230,8720689016520,15,instock
5906231,8720689017510,0,outofstock
5906232,8720689017527,15,instock
5906233,8720689017565,1,instock
5913249,8720689042178,5,instock
5913847,8720689043861,1,instock
5913248,8720689043298,15,instock
5913842,8720689041850,5,instock
5913247,8720689043045,15,instock
5913246,8720689043229,5,instock
5913245,8720689043236,15,instock
5913844,8720689042314,0,outofstock
5913591,8720689043243,15,instock
5913581,8720689043052,1,instock
5913590,8720689043069,15,instock
5913589,8720689043076,15,instock
5906234,8710103993186,0,outofstock
5906235,8720689016575,0,outofstock
5906236,8720689016865,0,outofstock
5906237,8720689016872,0,outofstock
5906238,8720689016889,0,outofstock
5906239,8720689016551,0,outofstock
5906240,8720689016735,0,outofstock
5906241,8720689016582,0,outofstock
5906242,8720689016568,15,instock
5913244,8720689042406,1,instock
5913843,8720689041652,5,instock
5913588,8720689041669,5,instock
5913587,8720689041683,5,instock
5913845,8720689041690,0,outofstock
5913846,8720689041300,5,instock
5913586,8720689041317,15,instock
5913585,8720689041324,5,instock
5909360,8720689026437,0,outofstock
5913576,8720689041577,5,instock
5913577,8720689041584,15,instock
5914806,8720689049610,5,instock
5914807,8720689049627,5,instock
5914808,8720689049634,5,instock
5914809,8720689049641,1,instock
5914850,8720689049658,5,instock
786387,8710103991618,0,outofstock
786388,8710103991625,0,outofstock
5913841,8720689043250,1,instock
5913839,8720689043274,0,outofstock
7581,5012909006941,1,instock
1503,5012909006156,5,instock
777931,8710103907640,5,instock
778127,8710103907732,5,instock
778161,8710103845768,15,instock
771532,8710103980421,15,instock
771621,8710103980438,15,instock
5903689,8710103990819,0,outofstock
6432,8710103558729,1,instock
783338,8710103941620,0,outofstock
787867,8710103982678,0,outofstock
5906243,8720689017091,1,instock
5906244,8720689016599,15,instock
5909029,8720689026383,1,instock
5913575,8720689042482,0,outofstock
5913574,8720689042499,5,instock
5913573,8720689044080,5,instock
784026,8710103962076,0,outofstock
790828,8720689002158,0,outofstock
779728,8710103923084,0,outofstock
5913571,8720689046138,1,instock
788637,8710103982708,0,outofstock
5906245,8720689016636,0,outofstock
5906246,8720689016643,0,outofstock
5906247,8720689016667,0,outofstock
5906248,8720689016162,0,outofstock
5909030,8720689026451,0,outofstock
5913569,8720689042505,1,instock
5913242,8720689042109,15,instock
5913243,8720689042116,15,instock
5913838,8720689042512,0,outofstock
5913840,8720689042529,1,instock
5913578,8720689042857,1,instock
5913580,8720689042864,0,outofstock
5912456,8720689021869,0,outofstock
5909773,8720689021807,1,instock
5909255,8720689021852,0,outofstock
782959,8710103943969,1,instock
782960,8710103944010,0,outofstock
5903530,8710103952664,1,instock
5913848,8720689033565,1,instock
5912454,8720689033527,1,instock
775728,8710103854364,15,instock
775729,8710103854371,15,instock
780941,8710103667056,15,instock
780790,8710103667063,15,instock
21259,8720689035842,15,instock
9886,8710103671602,0,outofstock
9899,8710103671688,15,instock
768026,8710103781899,1,instock
768027,8710103781912,0,outofstock
768024,8710103781974,0,outofstock
768025,8710103781998,5,instock
771359,8710103826286,5,instock
771360,8710103826316,5,instock
771361,8710103855583,5,instock
771362,8710103855590,5,instock
5914851,8720689050913,15,instock
5907397,8720689021951,1,instock
5903678,8710103990338,15,instock
5903676,8710103990383,15,instock
5903672,8710103990406,15,instock
5903673,8710103990420,15,instock
5903670,8710103990444,15,instock
5903667,8710103989639,15,instock
5909668,8720689036092,15,instock
5914994,8710103990741,15,instock
5903669,8710103989653,15,instock
5903666,8710103989677,15,instock
5903693,8710103989691,15,instock
5903696,8710103989714,15,instock
5903698,8710103989752,15,instock
5903699,8710103990758,15,instock
5903702,8710103990772,15,instock
5911427,8720689034890,0,outofstock
5903704,8710103985075,15,instock
5903706,8710103985099,0,outofstock
5903708,8710103985112,15,instock
5903709,8710103985136,15,instock
5903711,8710103985150,15,instock
5903713,8710103985174,15,instock
5907251,8720689027618,15,instock
5914148,072239331439,1,instock
5914149,072239331125,1,instock
5914150,072239331132,1,instock
13226,072239304860,1,instock
1932,072239304938,15,instock
2060,072239304976,15,instock
10567,072239304969,5,instock
17917,072239304945,15,instock
16827,072239304952,15,instock
20879,072239006207,15,instock
19367,072239007006,5,instock
3968,0072239009604,1,instock
633,0072239009901,15,instock
764797,072239300138,15,instock
773962,072239302644,1,instock
773963,072239302651,5,instock
767431,072239308318,1,instock
5911273,072239329474,5,instock
5908599,072239311370,5,instock
772344,072239313923,1,instock
772345,072239313930,1,instock
772346,072239313947,5,instock
772347,072239313954,1,instock
5911274,072239331446,5,instock
788857,072239325698,5,instock
5902839,072239326503,5,instock
772348,072239311691,15,instock
776685,072239316450,0,outofstock
776686,072239316467,5,instock
776687,072239316764,1,instock
5902840,072239325407,1,instock
5902841,072239326145,0,outofstock
5914535,072239327685,1,instock
776087,072239317426,15,instock
775914,072239317433,15,instock
5905070,072239317440,5,instock
5905071,072239317457,15,instock
787075,072239325254,5,instock
787076,072239325261,5,instock
772333,072239311905,5,instock
772337,072239311929,15,instock
5904287,072239325278,5,instock
787077,072239325285,5,instock
772338,072239311943,1,instock
5914912,072239330715,5,instock
772334,072239311967,15,instock
7099,0851606002086,15,instock
5908596,072239306284,1,instock
765678,072239308554,5,instock
779103,072239321324,0,outofstock
764774,072239306154,15,instock
5913819,072239320778,15,instock
772517,072239328613,5,instock
764778,072239306307,1,instock
764779,072239306314,1,instock
779104,072239321348,0,outofstock
764776,072239306215,15,instock
5902842,072239328620,15,instock
779770,072239317372,0,outofstock
5913820,072239320785,5,instock
779768,072239309582,15,instock
779769,072239309599,15,instock
764780,072239306369,5,instock
764781,072239306376,1,instock
765120,072239305676,15,instock
773961,072239309674,1,instock
5913637,072239330784,0,outofstock
784017,072239323816,1,instock
784018,072239323823,1,instock
784019,072239323830,1,instock
784020,072239323847,1,instock
781889,072239323281,1,instock
781890,072239323298,1,instock
5912077,072239329993,1,instock
772516,072239312360,0,outofstock
781891,072239323328,1,instock
782996,072239323335,0,outofstock
781892,072239323557,1,instock
767432,072239303375,0,outofstock
787071,072239323793,1,instock
787072,072239323809,1,instock
5914524,072239311394,1,instock
5913548,072239311400,1,instock
771729,072239311820,0,outofstock
5910127,072239311844,0,outofstock
782994,072239323304,0,outofstock
782995,072239323311,1,instock
5913549,072239329962,1,instock
5913550,072239329979,1,instock
772341,072239312803,1,instock
772342,072239312810,1,instock
772343,072239312827,1,instock
701,072239111017,0,outofstock
19939,072239111024,5,instock
5914913,072239328453,1,instock
7409,072239112205,1,instock
5914914,072239325544,1,instock
5914232,072239315767,1,instock
5914233,072239315774,1,instock
5914234,072239315781,1,instock
5914235,072239316474,1,instock
5911992,072239318850,1,instock
772339,072239309070,0,outofstock
772340,072239309087,0,outofstock
5914228,072239330357,1,instock
776542,072239318287,1,instock
779105,072239316894,1,instock
5908597,072239325759,15,instock
5914226,072239331071,5,instock
5914227,072239331088,15,instock
776524,072239318164,15,instock
778975,072239317082,15,instock
5904285,072239325872,5,instock
5904286,072239327395,1,instock
776526,072239318171,0,outofstock
5911522,072239323687,1,instock
5914231,072239328781,15,instock
776525,072239318188,15,instock
776528,072239318218,5,instock
776529,072239318225,0,outofstock
779772,072239317273,5,instock
779773,072239317280,15,instock
779774,072239317389,5,instock
778976,072239317105,15,instock
5914229,072239325476,15,instock
5914230,072239325483,15,instock
776527,072239318195,1,instock
776530,072239318232,1,instock
776531,072239318249,1,instock
781344,072239317525,5,instock
776543,072239317532,15,instock
776544,072239317488,15,instock
776545,072239317495,15,instock
776546,072239317563,15,instock
776547,072239317570,15,instock
778156,072239317334,1,instock
779344,072239317341,5,instock
5914818,5907001942078,1,instock
5911537,5904165688521,1,instock
5906886,5904165685667,1,instock
5906887,5904165685551,1,instock
5906888,5904165685674,1,instock
5906889,5904165685681,0,outofstock
5908332,5904165687838,0,outofstock
5908333,5904165687845,1,instock
5914815,5907001941873,1,instock
760623,5901571374215,1,instock
8261,5901571379821,0,outofstock
5903179,5904165684004,0,outofstock
760625,5901571374208,1,instock
760624,5901571378749,1,instock
789343,5904165683083,0,outofstock
789240,5904165683007,0,outofstock
789239,5904165683014,0,outofstock
791665,5904165684226,0,outofstock
791261,5904165684134,0,outofstock
791666,5904165684233,0,outofstock
5914125,5907001941477,0,outofstock
5914126,5907001941484,0,outofstock
791262,5904165684127,1,instock
5904970,5904165684981,0,outofstock
5904971,5904165684967,0,outofstock
5904972,5904165684974,0,outofstock
770994,5902605473171,0,outofstock
770996,5902605473140,0,outofstock
5909785,5904165688699,0,outofstock
770997,5902605473133,0,outofstock
5908872,5904165688705,0,outofstock
5913165,5907001940821,0,outofstock
778172,5902605477209,1,instock
5911795,5904165689863,0,outofstock
5911796,5904165689870,0,outofstock
5908334,5904165686855,0,outofstock
5911797,5907001940357,0,outofstock
5911799,5907001940364,0,outofstock
5911800,5907001940388,0,outofstock
5911801,5907001940395,0,outofstock
5907746,5904165685902,0,outofstock
5903522,5904165684271,1,instock
5903524,5904165684288,0,outofstock
787530,5904165682109,1,instock
787532,5904165681843,0,outofstock
787533,5904165681850,5,instock
787534,5904165682123,0,outofstock
5903519,5904165684257,5,instock
5903526,5904165684295,1,instock
5903528,5904165684325,0,outofstock
5906639,5904165685360,5,instock
5906640,5904165685377,0,outofstock
5906641,5904165685384,0,outofstock
5906642,5904165685391,0,outofstock
5906643,5904165685407,0,outofstock
5906644,5904165685414,0,outofstock
5908401,5904165687678,0,outofstock
5908403,5904165687692,0,outofstock
5908404,5904165687708,5,instock
5908405,5904165687715,5,instock
5910643,5904165689344,1,instock
5910644,5904165689351,0,outofstock
5910645,5904165689368,0,outofstock
5910646,5904165689375,0,outofstock
5911984,5907001940050,1,instock
5911985,5907001940067,0,outofstock
5914832,5907001941767,15,instock
5914833,5907001941774,5,instock
5914834,5907001941781,15,instock
5914835,5907001941750,15,instock
5914836,5907001941279,15,instock
5914837,5907001941286,15,instock
5907743,5904165685872,1,instock
5907744,5904165685889,5,instock
5907745,5904165685896,0,outofstock
5908407,5904165687449,0,outofstock
5908408,5904165687456,0,outofstock
5914838,5907001941736,5,instock
5914839,5907001941743,0,outofstock
783467,5904165680297,0,outofstock
5903520,5904165684264,0,outofstock
782143,5902605479579,0,outofstock
787540,5904165682130,1,instock
787541,5904165681881,1,instock
787542,5904165681898,1,instock
787526,5904165682178,1,instock
5907747,5904165684431,0,outofstock
5907748,5904165684448,0,outofstock
5907749,5904165684455,5,instock
5907750,5904165684462,5,instock
5907751,5904165684479,0,outofstock
5911220,5904165684509,0,outofstock
5907753,5904165685759,1,instock
5907754,5904165685766,1,instock
5907755,5904165685773,1,instock
5907756,5904165685780,5,instock
5907758,5904165685803,1,instock
5908412,5904165687753,15,instock
5908413,5904165687760,5,instock
5910647,5904165689467,1,instock
5910648,5904165689474,1,instock
5910649,5904165689481,1,instock
5911986,5907001940074,5,instock
5911987,5907001940081,5,instock
5914773,5907001941828,15,instock
5914774,5907001941835,15,instock
5914775,5907001941842,5,instock
5914776,5907001941811,15,instock
5914777,5907001941293,5,instock
5914778,5907001941309,15,instock
5907762,5904165685841,0,outofstock
5908415,5904165687395,1,instock
5908416,5904165687401,0,outofstock
5914779,5907001941798,5,instock
5914780,5907001941804,5,instock
5907757,5904165685797,1,instock
5908409,5904165687722,0,outofstock
5908410,5904165687739,0,outofstock
5908411,5904165687746,5,instock
5907761,5904165685834,0,outofstock
5907763,5904165685858,1,instock
5907764,5904165685865,1,instock
5908740,5904165688453,0,outofstock
5908741,5904165688460,1,instock
5908743,5904165688484,1,instock
5908744,5904165687807,0,outofstock
5908745,5904165687821,1,instock
5908746,5904165687814,0,outofstock
768655,5902605471573,0,outofstock
5906646,5904165685032,0,outofstock
5911333,5904165689030,0,outofstock
5906112,5904165685148,5,instock
5903650,5904165680709,0,outofstock
784729,5904165681294,0,outofstock
912,5901571374253,0,outofstock
5914637,5907001941972,0,outofstock
5911802,5907001940142,0,outofstock
5911803,5907001940159,0,outofstock
5909177,5904165688545,1,instock
5906894,5904165685698,0,outofstock
5906895,5904165685568,0,outofstock
5906896,5904165685704,0,outofstock
5906897,5904165685711,0,outofstock
5909178,5904165687913,1,instock
5909179,5904165687920,0,outofstock
5914841,5907001941880,1,instock
5911804,5907001940029,0,outofstock
760617,5901571374376,0,outofstock
5903180,5904165683793,0,outofstock
5903181,5904165683809,0,outofstock
778981,5901571374369,0,outofstock
12950,5901571378732,0,outofstock
5903182,5904165683816,0,outofstock
791481,5904165684080,0,outofstock
5911805,5904165689887,0,outofstock
5911806,5904165689894,0,outofstock
5911808,5904165689900,0,outofstock
5914644,5907001941989,1,instock
788374,5904165682673,1,instock
5908343,5904165686787,1,instock
5909651,5904165688644,0,outofstock
5914466,5907001940920,1,instock
5914467,5907001940937,0,outofstock
5914468,5907001941057,0,outofstock
5914469,5907001941064,0,outofstock
5909652,5904165688569,0,outofstock
5906898,5904165685636,0,outofstock
5906899,5904165685544,0,outofstock
5906900,5904165685643,1,instock
5906901,5904165685650,0,outofstock
5908344,5904165687937,0,outofstock
5908345,5904165687944,0,outofstock
5914816,5907001942306,1,instock
774894,5902605475670,1,instock
5914817,5907001941897,1,instock
5914819,5907001942085,0,outofstock
5909787,5904165688798,0,outofstock
5909788,5904165688804,0,outofstock
5909789,5904165688811,0,outofstock
5909790,5904165688828,0,outofstock
5914561,5907001940203,0,outofstock
5914562,5907001940210,0,outofstock
5914563,5907001940227,0,outofstock
59114517,5901571378831,1,instock
5911809,5904165689917,0,outofstock
5911810,5904165689924,0,outofstock
5911812,5904165689931,0,outofstock
778939,5902605477674,1,instock
778940,5902605477681,1,instock
778941,5902605477698,1,instock
778943,5902605477711,1,instock
5910650,5904165689214,0,outofstock
5914127,5907001941507,0,outofstock
5910651,5904165689221,0,outofstock
5910652,5904165689238,0,outofstock
5910653,5904165689245,0,outofstock
5910654,5904165689252,0,outofstock
5910655,5904165689269,0,outofstock
5911813,5904165689948,0,outofstock
5911814,5904165689955,0,outofstock
5911815,5904165689962,0,outofstock
5903470,5904165684578,0,outofstock
788409,5904165682826,0,outofstock
5909791,5904165688996,0,outofstock
5909793,5904165689009,1,instock
5909792,5904165689016,1,instock
5909794,5904165689023,1,instock
5903472,5904165684592,0,outofstock
5914651,5907001942269,1,instock
5914647,5907001942276,0,outofstock
783371,5904165680013,0,outofstock
5907939,5904165686701,0,outofstock
5909653,5904165688620,0,outofstock
5913166,5907001940944,0,outofstock
5913167,5907001940951,0,outofstock
5913168,5907001941071,0,outofstock
5913141,5907001941088,0,outofstock
5914638,5907001942016,0,outofstock
5914642,5907001942023,1,instock
783374,5904165680143,1,instock
786143,5904165680839,0,outofstock
774899,5902605475533,1,instock
774902,5902605475830,1,instock
5914652,5907001942092,5,instock
5914648,5907001942108,1,instock
5914640,5907001942030,1,instock
5914643,5907001942047,5,instock
5906906,5904165685612,0,outofstock
5906907,5904165685513,5,instock
5906908,5904165685520,0,outofstock
5906909,5904165685537,5,instock
5909537,5904165687302,1,instock
5908398,5904165687319,1,instock
5912979,5907001941385,5,instock
5912980,5907001941392,1,instock
5912981,5907001941408,1,instock
5911816,5907001940173,5,instock
5911817,5907001940180,0,outofstock
5911818,5907001940197,0,outofstock
783388,5904165680099,0,outofstock
5909538,5904165686732,0,outofstock
5909540,5904165688651,1,instock
5912982,5907001940968,5,instock
5912983,5907001940975,5,instock
5912984,5907001941095,0,outofstock
5912985,5907001941101,1,instock
778986,5902605477018,1,instock
777281,5902605477025,1,instock
777276,5902605477032,1,instock
782150,5902605479555,0,outofstock
782149,5902605479548,0,outofstock
5911988,5907001940098,1,instock
5911989,5907001940104,15,instock
5914653,5907001941859,5,instock
5914654,5907001941866,1,instock
5911830,5904165688491,1,instock
5908606,5904165688507,1,instock
5911832,5904165688514,0,outofstock
5908305,5904165687777,0,outofstock
5908306,5904165687784,0,outofstock
5908307,5904165687791,5,instock
5908309,5904165687227,0,outofstock
5908310,5904165687210,5,instock
5908311,5904165687234,0,outofstock
5908312,5904165687241,0,outofstock
5908313,5904165687203,0,outofstock
5908314,5904165687265,5,instock
5908315,5904165687258,0,outofstock
788403,5904165682079,1,instock
788419,5904165681812,0,outofstock
788420,5904165682093,0,outofstock
5907769,5904165685957,0,outofstock
5907770,5904165685964,0,outofstock
5907771,5904165685971,0,outofstock
5907772,5904165685988,1,instock
5908426,5904165687500,0,outofstock
5908427,5904165687517,0,outofstock
5903529,5904165684417,0,outofstock
5910901,5904165689337,0,outofstock
787560,5904165682048,5,instock
787561,5904165682055,0,outofstock
787562,5904165681768,1,instock
787563,5904165681775,1,instock
787564,5904165682062,15,instock
5903491,5904165684332,5,instock
5903492,5904165684349,1,instock
5903493,5904165684356,0,outofstock
5903494,5904165684363,5,instock
5903495,5904165684370,1,instock
5903498,5904165684394,0,outofstock
5903499,5904165684400,1,instock
5906649,5904165685278,0,outofstock
5906651,5904165685285,0,outofstock
5906653,5904165685292,0,outofstock
5906654,5904165685308,1,instock
5906655,5904165685315,1,instock
5906656,5904165685322,0,outofstock
5908417,5904165687623,0,outofstock
5908418,5904165687630,0,outofstock
5908419,5904165687647,1,instock
5908420,5904165687654,0,outofstock
5908421,5904165687661,1,instock
5910896,5904165689306,1,instock
5910898,5904165689313,0,outofstock
5910900,5904165689320,0,outofstock
5911990,5907001940036,1,instock
5911991,5907001940043,5,instock
5914781,5907001941712,5,instock
5914782,5907001941729,1,instock
5914783,5907001941705,5,instock
5914784,5907001941699,5,instock
5914785,5907001941255,5,instock
5914786,5907001941262,5,instock
5907765,5904165685919,0,outofstock
5907766,5904165685926,0,outofstock
5907767,5904165685933,0,outofstock
5907768,5904165685940,0,outofstock
5908423,5904165687470,1,instock
5908424,5904165687487,0,outofstock
5914787,5907001941675,5,instock
5914840,5907001941682,5,instock
783470,5904165680334,0,outofstock
5906910,5904165685728,0,outofstock
5906911,5904165685575,0,outofstock
5906912,5904165685735,0,outofstock
5906913,5904165685742,0,outofstock
22009,5901571374581,0,outofstock
6455,5901571374659,0,outofstock
763440,5901571374666,0,outofstock
790026,5904165683168,0,outofstock
5911410,5904165688033,1,instock
5911411,5904165688040,0,outofstock
5914470,5904165687524,0,outofstock
5914471,5904165687531,1,instock
5914820,5907001941941,1,instock
5914639,5907001942054,1,instock
5914641,5907001942061,1,instock
5911819,5907001940692,1,instock
5911820,5907001940708,1,instock
5912813,5907001940715,1,instock
5914650,5907001942139,0,outofstock
5914646,5907001942146,0,outofstock
5903476,5907001940661,1,instock
790588,5904165683557,0,outofstock
5908347,5904165686817,0,outofstock
5909795,5904165688637,1,instock
5913142,5907001940982,1,instock
5913143,5907001940999,0,outofstock
5913144,5907001941118,1,instock
5913145,5907001941125,1,instock
5909180,5907001940722,1,instock
5908348,5907001940739,0,outofstock
5908349,5907001940746,1,instock
5908350,5907001940753,1,instock
5908351,5907001940760,0,outofstock
5908352,5907001940777,1,instock
5908353,5907001940784,0,outofstock
5906914,5907001940593,1,instock
5906915,5907001940609,1,instock
5906916,5907001940616,0,outofstock
5906917,5907001940623,1,instock
5908354,5907001940630,1,instock
5908355,5907001940647,1,instock
5911821,5907001940791,1,instock
5911822,5907001940807,1,instock
5911823,5907001940814,1,instock
779603,5902605478664,0,outofstock
779604,5902605478671,0,outofstock
779605,5902605478688,0,outofstock
5913504,5907001941316,0,outofstock
5913505,5907001941323,0,outofstock
5913506,5907001941330,0,outofstock
5913507,5907001941347,0,outofstock
5913508,5901571377179,0,outofstock
5913509,5907001940005,0,outofstock
5913510,5907001940012,0,outofstock
5913511,5904165686046,0,outofstock
5913512,5904165686053,1,instock
5913513,5904165686060,0,outofstock
5913514,5904165687364,0,outofstock
5911513,5904165688125,0,outofstock
5911514,5904165688156,0,outofstock
5911515,5904165688163,0,outofstock
5911516,5904165688170,0,outofstock
5911538,5904165688132,0,outofstock
5911539,5904165688149,0,outofstock
5914821,5907001941965,0,outofstock
5914822,5907001942221,0,outofstock
5914933,5907001942238,0,outofstock
5914823,5907001942177,0,outofstock
5914824,5907001942184,1,instock
5905527,5904165684615,1,instock
5910721,5904165684639,0,outofstock
5905528,5904165684653,0,outofstock
5903481,5904165684646,0,outofstock
5912187,5907001940265,0,outofstock
5912188,5907001940272,0,outofstock
5912189,5907001940289,0,outofstock
5911824,5901571372693,0,outofstock
5911825,5901571372761,0,outofstock
5911826,5901571374338,0,outofstock
5913515,5907001941002,0,outofstock
5913516,5907001941019,0,outofstock
5913517,5907001941132,0,outofstock
5913518,5907001941149,0,outofstock
5909579,5904165688613,0,outofstock
5909580,5904165688057,0,outofstock
5912190,5904165688187,0,outofstock
5909581,5904165688064,0,outofstock
5909582,5904165688071,0,outofstock
5912191,5904165688200,0,outofstock
5912384,5904165688194,0,outofstock
5914825,5907001941958,0,outofstock
5914826,5907001942207,0,outofstock
5914827,5907001942214,0,outofstock
5911155,5904165689498,0,outofstock
5911156,5904165689511,0,outofstock
5911157,5904165689535,0,outofstock
5910387,5904165685995,0,outofstock
5907291,5904165686008,0,outofstock
5907292,5904165686015,0,outofstock
5907293,5904165686022,0,outofstock
5910388,5904165687555,0,outofstock
5910389,5904165687562,0,outofstock
5910390,5904165687579,0,outofstock
5914828,5907001942153,0,outofstock
5914829,5907001942160,0,outofstock
5907294,5904165686275,0,outofstock
5907295,5904165686282,0,outofstock
5907296,5904165686299,0,outofstock
5907297,5904165686305,0,outofstock
783591,5904165680372,0,outofstock
790593,5904165683519,0,outofstock
790594,5904165683595,0,outofstock
5910392,5904165688675,0,outofstock
786457,5904165681041,1,instock
774997,5902605478527,1,instock
5909840,5904165689054,0,outofstock
5909841,5904165689061,0,outofstock
5909842,5904165689078,0,outofstock
5905526,5904165685087,0,outofstock
789908,5904165683106,0,outofstock
5907303,5904165686206,0,outofstock
791531,5904165683977,0,outofstock
791532,5904165683984,0,outofstock
5910959,5904165688965,0,outofstock
5910960,5904165688972,0,outofstock
5910393,5904165686848,0,outofstock
5907300,5904165686411,0,outofstock
5907301,5904165686428,0,outofstock
5910394,5904165688682,0,outofstock
5907302,5904165686190,1,instock
5910395,5904165687586,0,outofstock
5910396,5904165687593,0,outofstock
5910397,5904165687609,0,outofstock
5914830,5907001942283,0,outofstock
5914831,5907001942290,0,outofstock
5907306,5904165686114,0,outofstock
5907308,5904165686121,0,outofstock
5907309,5904165686138,0,outofstock
5907310,5904165686145,0,outofstock
5907305,5904165686220,0,outofstock
5902892,5904165683700,1,instock
5907643,5904165686640,1,instock
5912986,5904165688248,0,outofstock
5912655,5904165688255,0,outofstock
5912656,5904165688118,0,outofstock
5912657,5904165688019,0,outofstock
5912658,5904165688026,0,outofstock
5912659,5904165688279,0,outofstock
5912987,5904165689092,0,outofstock
5912988,5904165689108,0,outofstock
5912989,5904165689115,0,outofstock
,,,
MCB0001,0769807532014,8,instock
CT-R-BG002-BP,850036293156,2,instock
CT-R-00050-TR,850036293224,1,instock
CT-R-00060-ST,850036293347,0,outofstock
CT-R-00092-BR,850036293149,4,instock
CT-P-00106-BR,850036293064,1,instock
CT-R-00102-CR,850036293361,1,instock
CT-P-00120-CR,850036293040,0,outofstock
CT-O-00048-CR,850036293477,3,instock
CT-R-00212-ME,850036293194,0,outofstock
CT-P-00202-ME,850036293057,0,outofstock
IGMD0011,8005475429990,2,instock
IGMD0009,8005475427514,2,instock
IGMD0010,8005475429983,1,instock
IGED0924,8005475427521,2,instock
IGED0925,8005475430002,2,instock
IGED1176,8005475420287,2,instock
IGOR0100,8005475412404,2,instock
IGOR0101,8005475412411,2,instock
IGOR0099,8005475412398,1,instock
5911128,8058664169634,1,instock
5906365,8003670768241,1,instock
791015,8003670913771,1,instock
789088,8058664143924,0,outofstock
5907959,8058664144006,1,instock
788965,8003670743651,5,instock
5911127,8058664157105,0,outofstock
5911146,8058664157112,1,instock
5905418,8058664122462,5,instock
788860,8058664009503,1,instock
788908,8058664009916,0,outofstock
788859,8058664009923,0,outofstock
789093,8058664009510,5,instock
5906356,8058664007615,1,instock
789328,8058664129621,1,instock
788858,8058664011506,5,instock
788843,8058664011926,1,instock
788856,8058664011933,5,instock
788962,8058664061846,5,instock
788961,8058664061853,5,instock
788849,8058664031801,5,instock
788850,8058664031818,5,instock
791408,8058664144778,0,outofstock
791385,8058664144785,0,outofstock
791386,8058664144792,0,outofstock
788839,8058664069972,0,outofstock
788840,8058664069989,0,outofstock
789322,8058664069996,0,outofstock
791405,8058664144808,1,instock
791406,8058664144815,1,instock
791407,8058664144822,5,instock
5912798,8058664180622,0,outofstock
788841,8058664070015,0,outofstock
5912799,8058664180639,1,instock
5912464,8058664180646,5,instock
5913719,8058664180653,1,instock
5913720,8058664180660,1,instock
5912803,8058664180677,0,outofstock
5914078,8058664180684,1,instock
5912465,8058664180691,5,instock
788861,8058664022625,0,outofstock
791695,8058664022687,1,instock
791403,8058664121502,0,outofstock
5912804,8058664180714,0,outofstock
788847,8058664070121,0,outofstock
5914552,8058664180738,5,instock
788848,8058664070138,0,outofstock
5914080,8058664180745,5,instock
767799,8058664042913,0,outofstock
5906364,8058664035342,1,instock
782943,8058664129546,1,instock
782944,8058664129553,0,outofstock
782945,8058664129560,1,instock
788930,8058664129539,1,instock
788967,8058664129577,0,outofstock
791388,8058664143382,2,instock
788865,8003670918714,1,instock
772211,8058664089789,0,outofstock
772203,8058664062348,15,instock
782942,8058664069156,1,instock
788786,8058664069958,0,outofstock
5904982,8058664138777,5,instock
788784,8058664070466,1,instock
788785,8058664070473,15,instock
5906268,8058664168514,1,instock
789089,8058664080700,0,outofstock
789090,8058664080717,0,outofstock
789410,8058664087174,0,outofstock
789071,8058664087181,5,instock
5902686,8058664088072,1,instock
782390,8058664097814,1,instock
788818,8058664104659,0,outofstock
5906267,8058664105526,1,instock
780905,8058664131488,1,instock
777592,8058664114658,1,instock
779865,8058664111367,1,instock
777593,8058664111381,15,instock
777594,8058664111398,1,instock
773647,8058664112463,0,outofstock
779109,8058664118670,1,instock
783544,8058664131112,1,instock
788668,8058664119332,15,instock
779110,8058664119547,0,outofstock
778858,8058664119561,1,instock
778859,8058664119578,1,instock
782373,8058664122486,1,instock
783604,8058664131334,1,instock
780898,8058664124732,1,instock
5911148,8058090045328,1,instock
5911149,8058090045335,0,outofstock
5912052,8058090045359,0,outofstock
5904834,8058664127511,1,instock
5904835,8058664127535,1,instock
791387,8058664127764,1,instock
5904175,8058664127771,5,instock
5905615,8058664129331,0,outofstock
789072,8058664133697,1,instock
782524,8058664136018,1,instock
782525,8058664143306,1,instock
782526,8058664143313,5,instock
782393,8058664136025,1,instock
783541,8058664136513,1,instock
783540,8058664136520,1,instock
786160,8058664136537,15,instock
787743,8058664147762,1,instock
5905616,8058664138333,0,outofstock
5905617,8058664138487,1,instock
788966,8058664138715,15,instock
787746,8058664138876,5,instock
786182,8058664148851,1,instock
787744,8058664141524,1,instock
788372,8058664146253,15,instock
787742,8058664141791,5,instock
787880,8058664148608,1,instock
5911147,8058664171835,0,outofstock
5906352,8058664149261,5,instock
5906151,8058664149278,5,instock
5906350,8058664149285,5,instock
5906351,8058664149292,5,instock
5904997,8058664150045,1,instock
789344,8058664150748,5,instock
790938,8058664152001,5,instock
791259,8058664152025,0,outofstock
5906265,8058664159789,1,instock
5905000,8058664152865,0,outofstock
5905360,8058664155798,0,outofstock
5906992,8058664157723,15,instock
781014,8058664158539,1,instock
5906362,8058664158546,1,instock
790629,8058664160563,1,instock
790937,8058664160587,1,instock
790936,8058664160594,5,instock
5903762,8058664160754,1,instock
5906687,8058664162413,15,instock
5906270,8058664162451,1,instock
5906849,8058664162468,15,instock
5906353,8058664162741,1,instock
5904985,8058664162406,1,instock
5904986,8058664151394,1,instock
5906354,8058664164318,1,instock
5906359,8058664149346,5,instock
5906361,8058664149377,5,instock
5906345,8058664164752,1,instock
5906346,8058664164769,5,instock
5906347,8058664164776,1,instock
5906141,8058664164820,15,instock
5905049,8058664164837,5,instock
5906142,8058664164875,1,instock
5906153,8058664164882,1,instock
5906847,8058664164905,5,instock
5906357,8058664165858,15,instock
5906358,8058664165865,5,instock
5906154,8058664165872,1,instock
5904837,8058664167784,0,outofstock
5911129,8058664167456,1,instock
5906152,8058664167494,15,instock
5911150,6970392217109,0,outofstock
5908071,8058664171323,5,instock
5910698,8058664173747,5,instock
5908544,8058664174614,0,outofstock
5909947,8058664174683,15,instock
5909948,8058664174690,15,instock
5911130,8058664174706,0,outofstock
5911131,8058664174713,15,instock
5911132,8058664174720,1,instock
5911133,8058664174737,5,instock
5911134,8058664174744,5,instock
5911135,8058664174751,1,instock
5909950,8058664175529,0,outofstock
5909949,8058664175536,0,outofstock
5909952,8058664175543,1,instock
5909951,8058664175765,1,instock
788864,8058664175550,0,outofstock
5911095,8058664175567,5,instock
5914144,8058664178322,1,instock
5914145,8058664178575,0,outofstock
5914085,8058664178810,0,outofstock
788853,8058664111084,5,instock
788854,8058664111077,0,outofstock
5914553,8058664179398,5,instock
5912466,8058664179404,1,instock
5912370,8058664179411,0,outofstock
5912371,8058664179428,0,outofstock
5912372,8058664179435,0,outofstock
788808,8058664121939,5,instock
788925,8058664121946,0,outofstock
789923,8058664122172,1,instock
789924,8058664122189,1,instock
788810,8058664122035,0,outofstock
5911126,8058664153923,5,instock
5911085,8058664153978,5,instock
5911087,8058664153985,5,instock
788814,8058664122196,5,instock
788815,8058664122202,5,instock
788816,8058664122219,0,outofstock
788817,8058664122226,0,outofstock
787678,8058664143412,1,instock
787679,8058664143429,0,outofstock
789091,8058664143436,1,instock
789092,8058664143443,5,instock
788393,8058664143467,1,instock
788399,8058664143474,5,instock
788382,8058664143481,1,instock
5905618,8003670978749,5,instock
788782,8003670989257,1,instock
788783,8058664143917,15,instock
788781,8003670845843,5,instock
788868,8003670730187,1,instock
770861,8058664129584,0,outofstock
5905417,8058664103126,1,instock
5905416,8058664122332,1,instock
789327,8003670797456,1,instock
788943,8058664097067,1,instock
791392,8058664156368,1,instock
791395,8058664156375,1,instock
791398,8058664156351,1,instock
791393,8058664156399,1,instock
791396,8058664156405,5,instock
791399,8058664156382,1,instock
791394,8058664156429,1,instock
791397,8058664156436,1,instock
791257,8058664156412,1,instock
5905354,8058664171958,5,instock
5905355,8058664171965,1,instock
5905356,8058664171972,5,instock
5905357,8058664171989,0,outofstock
5905358,8058664171996,1,instock
5905359,8058664172009,0,outofstock
5912048,8058664175376,5,instock
5912051,8058664175406,5,instock
5912045,8058664175499,1,instock
5912047,8058664175369,1,instock
5912050,8058664175390,1,instock
5912044,8058664175482,5,instock
5912046,8058664175352,1,instock
5912049,8058664175383,1,instock
5912043,8058664175475,1,instock
788932,8058664128419,0,outofstock
788934,8058664128426,0,outofstock
788821,8058664128440,0,outofstock
788822,8058664128457,0,outofstock
788937,8058664059010,0,outofstock
788939,8058664059034,0,outofstock
788938,8058664059041,0,outofstock
788940,8058664059058,1,instock
5910696,8058664171576,1,instock
5910697,8058664171590,1,instock
791389,8058664156016,0,outofstock
791390,8058664156269,1,instock
791391,8058664156276,0,outofstock
788798,8058664010424,0,outofstock
788799,8058664008209,1,instock
788800,8058664008247,0,outofstock
788804,8058664008254,0,outofstock
788805,8058664008261,1,instock
788796,8058664153459,15,instock
788797,8058664153466,0,outofstock
788790,8058664153619,0,outofstock
788794,8058664153626,0,outofstock
788787,8058664153657,1,instock
788791,8058664153633,1,instock
788793,8058664153640,5,instock
788788,8058664153664,5,instock
788792,8058664153749,5,instock
788795,8058664153756,1,instock
788789,8058664153763,5,instock
5906340,8058664166138,1,instock
5906341,8058664101474,1,instock
5906339,8058664166121,1,instock
5906598,8058664018864,1,instock
5906344,8058664090365,0,outofstock
5906338,8058664166114,1,instock
5906342,8058664138012,0,outofstock
5906343,8058664138029,1,instock
763080,5902622007717,1,instock
5912100,5902622007533,0,outofstock
788744,5902622007250,0,outofstock
791662,5902622006796,0,outofstock
11937,5902622001791,0,outofstock
5902890,5902622004365,0,outofstock
5912035,5902622007526,0,outofstock
765229,5902622001227,1,instock
784741,,1,instock
787495,5901912245099,1,instock
783193,5901912245075,5,instock
5912630,5901912245785,1,instock
5909727,5901912245440,1,instock
787359,5901912245082,1,instock
5914046,5901912245891,1,instock
5914047,5901912245907,1,instock
776565,5901912244689,1,instock
780529,5901912244849,15,instock
775527,5901912244559,1,instock
775526,5901912244580,1,instock
775711,5901912244610,1,instock
779216,5901912244863,15,instock
5909259,5901912245402,1,instock
5909685,,1,instock
5912389,5901912245815,5,instock
5909680,5901912245730,1,instock
5909679,5901912245723,1,instock
775917,5901912244634,1,instock
5912385,5901912245860,15,instock
5912386,5901912245877,15,instock
5905287,5901912245327,5,instock
781786,5901912244993,1,instock
767930,5901912244214,15,instock
788691,5901912244948,15,instock
588,5901912244429,1,instock
771514,5901912244436,1,instock
9727,5901912245587,15,instock
24283,5901912242012,15,instock
790091,5901912245181,1,instock
788692,5901912245174,5,instock
5909723,5901912245303,5,instock
5904104,5901912245273,15,instock
775789,5901912244603,1,instock
779673,5901912244788,1,instock
784119,5901912245112,1,instock
5909657,5901912245532,1,instock
5909683,5901912245709,5,instock
5909684,5901912245716,1,instock
5909678,5901912245693,1,instock
5914267,5901912246003,1,instock
5913109,5901912245990,1,instock
779443,5901912244702,1,instock
3933,5901912244955,34,instock
788299,5901912244931,5,instock
3041,5901912240032,15,instock
780405,5901912244917,1,instock
771517,5901912244405,1,instock
780372,5901912244924,1,instock
5908959,5901912245464,5,instock
5908958,5901912245433,15,instock
21000,5901912241978,15,instock
24173,5901912240421,15,instock
780373,5901912244832,15,instock
767929,5901912244207,1,instock
769071,5901912244245,15,instock
5912741,5901912245976,0,outofstock
5912740,5901912245983,1,instock
5912390,5901912245808,15,instock
3042,5901912244320,6,instock
5908231,5901912245570,5,instock
5912097,5901912245341,1,instock
5909725,5901912245358,1,instock
776564,5901912244672,1,instock
783572,5901912245013,1,instock
5910636,,1,instock
5905286,5901912245310,1,instock
787498,5901912245150,5,instock
783561,5901912245679,1,instock
5911497,,0,outofstock
779388,5901912244771,1,instock
779434,5901912244795,1,instock
5912387,5901912245846,1,instock
5912388,5901912245853,15,instock
779345,5901912244696,15,instock
781787,5901912245020,15,instock
5912392,5901912245822,5,instock
5912393,5901912245914,5,instock
5912485,5901912245945,5,instock
5913160,5901912245938,5,instock
5911211,5901912245280,1,instock
5908303,5901912245297,5,instock
21387,5901912241084,5,instock
5909726,5901912245457,1,instock
787496,5901912245167,1,instock
779674,5901912241114,5,instock
22401,5901912241138,1,instock
5912809,,0,outofstock
779651,5901912244818,15,instock
783560,5901912245068,15,instock
5914048,5901912245884,1,instock
5914049,5901912245792,1,instock
25583,5901912243750,1,instock
5907807,5901912245426,1,instock
769044,5901912244269,1,instock
789940,5901912245259,1,instock
5909724,5901912245662,1,instock
769043,5901912244252,1,instock
25578,5901912243781,1,instock
5908961,5901912245419,0,outofstock
5912391,5901912245839,15,instock
5909681,5901912245754,1,instock
787759,5901912245198,1,instock
775617,5901912244566,1,instock
775525,5901912244597,1,instock
10429,5901912241589,1,instock
5905288,5901912245334,1,instock
782192,5901912245006,1,instock
24281,5901912242036,1,instock
780530,5901912244856,1,instock
5909687,,0,outofstock
5910247,5901912245624,1,instock
5911246,,1,instock
5910546,5901912245617,1,instock
5910245,5901912245495,1,instock
5910246,5901912245488,1,instock
5909682,5901912244528,15,instock
5909686,5901912245594,15,instock
5910867,5901912245563,1,instock
5912096,5901912245556,1,instock
5910548,5901912245396,1,instock
5912879,,1,instock
5910549,5901912245518,1,instock
5910547,5901912245655,1,instock
5914548,5901912245631,1,instock
5914451,5901912245648,1,instock
5910244,5901912245501,1,instock
5906250,5902533919048,15,instock
5909382,5902533925506,1,instock
5911320,5902533926565,1,instock
784332,5902533911219,0,outofstock
5909240,5902533925025,0,outofstock
5909239,5902533925018,0,outofstock
791032,5902533920969,0,outofstock
790276,5902533918355,0,outofstock
5914671,5902533929757,1,instock
5912918,5902533928835,15,instock
5912917,5902533928828,1,instock
5905682,5902533923120,0,outofstock
5907962,5902533923151,0,outofstock
5905684,5902533923137,0,outofstock
5905683,5902533923144,1,instock
5912486,5902533925889,1,instock
5912209,5902533925896,1,instock
5912208,5902533925872,1,instock
5912223,5902533927081,1,instock
5914510,5902533929795,15,instock
59114512,5902533929818,15,instock
5914511,5902533929801,15,instock
5913754,5902533929184,0,outofstock
5914663,5902533929122,15,instock
5914674,5902533929146,15,instock
5914664,5902533929139,15,instock
5914666,,15,instock
5914954,5902533929283,1,instock
5914955,5902533929290,1,instock
5914956,5902533929306,1,instock
5914880,5902533929825,1,instock
5914882,5902533929849,0,outofstock
5914881,5902533929832,1,instock
5914883,5902533929856,1,instock
5910564,5902533923670,1,instock
5909649,5902533923663,1,instock
5910125,5902533924943,0,outofstock
5909258,5902533924967,0,outofstock
5909359,5902533924950,0,outofstock
5909667,5902533924974,0,outofstock
5904993,5902533922178,1,instock
5904992,5902533922161,1,instock
5909648,5902533922192,1,instock
5905681,5902533923083,5,instock
5905680,5902533923090,1,instock
5912664,5902533928330,1,instock
5912665,5902533928347,1,instock
5912666,5902533928361,1,instock
5914957,5902533929504,0,outofstock
5914950,5902533926473,1,instock
5914951,5902533926480,1,instock
5911307,5902533926794,1,instock
5911305,5902533926763,5,instock
5911306,5902533926787,1,instock
5911993,5902533926770,1,instock
5912216,5902533926732,1,instock
5912217,5902533926749,1,instock
5912229,5902533927548,1,instock
5912228,5902533927531,1,instock
5912230,5902533927555,1,instock
5914885,5902533930180,1,instock
5914886,5902533930173,0,outofstock
5914884,5902533930166,0,outofstock
5905631,5902533922307,1,instock
5905632,5902533922314,1,instock
5905633,5902533922321,1,instock
5912231,5902533927777,1,instock
5912233,5902533927791,1,instock
5912232,5902533927784,1,instock
5912225,5902533927401,1,instock
5912227,5902533927425,1,instock
5912226,5902533927418,0,outofstock
5912234,5902533927623,1,instock
5914801,5902533930111,5,instock
5912538,5902533927999,1,instock
5912491,5902533928002,1,instock
5912539,5902533928019,1,instock
5911275,5902533926558,1,instock
5911462,5902533926466,1,instock
5912147,5902533927319,1,instock
790520,5902533920358,1,instock
790342,5902533927326,1,instock
788801,5902533915187,1,instock
788802,5902533915194,2,instock
5911833,5902533917259,1,instock
784290,5902533915071,6,instock
784292,5902533915095,1,instock
784291,5902533915088,1,instock
5914668,5902533929719,0,outofstock
5909236,5902533924493,1,instock
5909238,5902533924516,5,instock
5909237,5902533924509,1,instock
5914670,5902533929733,5,instock
791031,5902533919291,1,instock
5905172,5902533922444,1,instock
5905171,5902533922437,1,instock
5905173,5902533922451,1,instock
5907781,5902533919611,1,instock
5907782,5902533919628,1,instock
5907779,5902533919024,1,instock
5907067,5902533919635,1,instock
5903278,5902533915125,1,instock
790461,5902533915132,1,instock
5910881,5902533925056,1,instock
5910565,5902533925032,0,outofstock
5910566,5902533925049,1,instock
784282,5902533906284,1,instock
784284,5902533910274,5,instock
784283,5902533906277,5,instock
5914672,5902533929771,0,outofstock
5914673,5902533929788,1,instock
5913595,5902533928781,1,instock
5913596,5902533928798,1,instock
5905127,5902533923014,0,outofstock
5905123,5902533918461,1,instock
5905129,5902533923021,1,instock
5914509,5902533929559,1,instock
5914342,5902533929511,1,instock
5914343,5902533929528,1,instock
791127,5902533920495,1,instock
791126,5902533920488,1,instock
5908718,5902533925124,5,instock
5908717,5902533925117,5,instock
5909384,5902533925599,0,outofstock
5909182,5902533925162,1,instock
5908719,5902533925155,1,instock
5908720,5902533925193,0,outofstock
5914804,5902533930142,1,instock
5914802,5902533930128,5,instock
5914805,5902533930159,1,instock
5914803,5902533930135,5,instock
5911319,5902533926305,1,instock
790177,5902533920051,1,instock
784306,5902533912483,1,instock
784316,5902533913527,1,instock
784315,5902533913503,1,instock
5911321,5902533926930,5,instock
5914669,5902533929726,5,instock
5904076,5902533921393,1,instock
789818,5902533919338,1,instock
784375,5902533913619,0,outofstock
791669,5902533919468,0,outofstock
5909383,5902533925537,0,outofstock
791668,5902533919451,0,outofstock
5904589,5902533922253,1,instock
5904266,5902533922260,0,outofstock
5913833,5902533927388,1,instock
5913834,5902533927463,1,instock
784365,5902533922246,0,outofstock
5912488,5902533927968,1,instock
5912489,5902533927975,1,instock
5912490,5902533927982,1,instock
5908883,5902533925384,1,instock
5908882,5902533925377,1,instock
5908884,5902533925650,5,instock
5911997,5902533927203,0,outofstock
5911999,5902533927227,0,outofstock
5912000,5902533927234,1,instock
5911998,5902533927210,0,outofstock
788681,5902533920082,0,outofstock
788679,5902533920068,0,outofstock
788680,5902533920075,1,instock
5914953,5902533927906,0,outofstock
5914952,5902533927890,1,instock
5914946,5902533924875,1,instock
5905635,5902533922543,1,instock
5909301,5902533925322,1,instock
5909302,5902533925346,0,outofstock
5904825,5902533922284,1,instock
5912600,5902533922277,0,outofstock
5904827,5902533922291,1,instock
5908881,5902533924998,0,outofstock
5908879,5902533924981,0,outofstock
5904708,5902533922413,1,instock
5904707,5902533922406,1,instock
5914793,5902533929917,1,instock
5914792,5902533929900,1,instock
5914795,5902533929931,1,instock
5914794,5902533929924,1,instock
5904354,5902533922383,1,instock
5904353,5902533922376,1,instock
5914508,5902533929498,5,instock
5914507,5902533929481,5,instock
5914506,5902533929474,15,instock
5914505,5902533929467,5,instock
5904355,5902533922338,1,instock
5904352,5902533922345,1,instock
5904351,5902533922352,1,instock
784350,5902533915538,1,instock
5914796,5902533929986,1,instock
5914797,5902533929993,1,instock
5914799,5902533930005,1,instock
5914800,5902533930012,1,instock
5906256,5902533919574,1,instock
5906255,5902533919567,1,instock
5912224,5902533927241,5,instock
5914791,5902533927043,0,outofstock
5913103,5902533927074,0,outofstock
5908781,5902533924103,1,instock
5908782,5902533924110,1,instock
5908783,5902533924127,1,instock
5914877,5902533929580,1,instock
5914879,5902533929610,1,instock
5914878,5902533929603,5,instock
5910800,5902533926046,1,instock
5911125,5902533926053,1,instock
5914502,5902533926879,5,instock
5914504,5902533926831,5,instock
5914503,5902533926824,5,instock
5912212,5902533926367,1,instock
5912618,5902533926350,1,instock
5912210,5902533926343,1,instock
788202,5902533918232,0,outofstock
788203,5902533918249,0,outofstock
5905175,5902533922857,1,instock
5905174,5902533922833,1,instock
5912221,5902533926817,1,instock
5908714,5902533924844,15,instock
5908716,5902533924868,1,instock
5908715,5902533924851,5,instock
5914456,5902533929344,0,outofstock
5914454,5902533919840,0,outofstock
5910799,5902533923923920,0,outofstock
5912566,5902533923939,0,outofstock
5907778,5902533921768,0,outofstock
5909689,5902533928941,1,instock
5914947,5902533926190,0,outofstock
5914948,5902533926206,0,outofstock
5914949,5902533926213,0,outofstock
5914667,5902533929351,1,instock
5914177,5902533929368,1,instock
5910591,5902533925797,0,outofstock
5914790,,0,outofstock
5910297,5902533920709,1,instock
5905060,5901761121155,5,instock
763240,5901761121803,15,instock
5904668,5901761122213,15,instock
5904669,5901761122220,1,instock
5906500,5901761127911,1,instock
5906501,5901761127928,0,outofstock
5904860,5901761127904,1,instock
790769,5901761127935,5,instock
790768,5901761127942,0,outofstock
5906499,5901761127898,0,outofstock
790767,5901761127959,5,instock
790773,5901761127867,0,outofstock
790775,5901761127850,0,outofstock
790771,5901761127843,5,instock
790772,5901761127836,1,instock
790770,5901761127874,0,outofstock
790776,5901761127829,5,instock
5907488,5901761122565,5,instock
5907487,5901761122589,1,instock
790765,5901761128031,1,instock
790764,5901761128048,5,instock
5903489,5901761122879,0,outofstock
5903487,5901761122886,1,instock
5903490,5901761122893,1,instock
768501,5901761123142,15,instock
769689,5901761123135,0,outofstock
5904667,5901761123586,15,instock
5912877,5901761123982,0,outofstock
5912335,5901761123999,0,outofstock
5912141,5901761124002,15,instock
5912337,5901761124026,15,instock
5903590,5901761124309,0,outofstock
5903488,5901761124316,1,instock
5912140,5901761124484,0,outofstock
5912492,5901761124491,0,outofstock
5912139,5901761124507,0,outofstock
5912138,5901761124514,0,outofstock
5905066,5901761124545,0,outofstock
5905065,5901761124552,15,instock
5908739,5901761124569,0,outofstock
5904056,5901761124705,15,instock
5905186,5901761124729,0,outofstock
5912144,5901761125122,0,outofstock
790783,5901761124897,0,outofstock
780495,5901761124903,15,instock
791113,5901761124934,0,outofstock
791114,5901761124941,15,instock
781274,5901761124965,15,instock
780498,5901761124972,15,instock
780621,5901761124989,15,instock
782242,5901761125009,15,instock
5904055,5901761125214,1,instock
5905877,5901761125221,1,instock
5905878,5901761125238,0,outofstock
790766,5901761127966,1,instock
5909611,5901761125405,15,instock
5909933,5901761125412,1,instock
5909612,5901761125429,15,instock
5909613,5901761125436,1,instock
781161,5901761125580,5,instock
780497,5901761125603,15,instock
780499,5901761125627,5,instock
791118,5901761125610,1,instock
5904844,5901761125672,1,instock
5906492,5901761125474,0,outofstock
5906491,5901761125481,0,outofstock
5909392,5901761125498,0,outofstock
5906136,5901761125825,15,instock
5906139,5901761125832,15,instock
5906140,5901761125849,5,instock
5904442,5901761125856,15,instock
5904441,5901761125863,0,outofstock
5909160,5901761125757,15,instock
5914853,5901761125771,15,instock
5904289,5901761125788,15,instock
5904444,5901761125795,0,outofstock
5912330,5901761125801,0,outofstock
5912329,5901761125818,0,outofstock
791115,5901761126068,15,instock
788036,5901761126204,0,outofstock
782247,5901761126099,1,instock
782246,5901761126105,0,outofstock
5909614,5901761126365,5,instock
5913139,5901761127546,1,instock
5913214,5901761127515,0,outofstock
5904053,5901761127539,1,instock
5913970,5901761127461,1,instock
5910967,5901761127478,5,instock
5913968,5901761127485,1,instock
5913969,5901761127508,1,instock
791012,5901761127577,1,instock
791011,5901761127584,0,outofstock
791010,5901761127591,1,instock
5908735,5061047480069,1,instock
5908734,5061047480052,1,instock
5908733,5061047480076,1,instock
5908732,5061047480045,1,instock
5904569,5061047480083,1,instock
5912027,5061047480137,1,instock
5904556,5061047480120,1,instock
5904567,5061047480113,1,instock
5904683,5061047480168,1,instock
5908445,5061047480199,1,instock
5908870,5061047480151,1,instock
5908869,5061047480175,1,instock
5905370,5061047480885,1,instock
5905369,7290115246025,1,instock
5905366,5061047480915,1,instock
5904663,5061047480847,1,instock
5904662,5061047480830,1,instock
5908470,5061047481011,1,instock
5908469,5061047481028,1,instock
5908468,5061047481035,1,instock
5908467,5061047481042,1,instock
788025,5061047480427,15,instock
5904168,7290115246063,1,instock
5904849,5061047480977,1,instock
5904848,5061047480991,1,instock
5904846,5061047480984,1,instock
5904553,5061047480298,0,outofstock
5905302,5061047480304,0,outofstock
5905303,5061047480311,0,outofstock
5905304,686268625027,0,outofstock
5908465,5061047480779,0,outofstock
5908466,5061047480762,0,outofstock
5912030,5061047481189,1,instock
5912024,5061047481073,1,instock
5912023,5061047481080,1,instock
5912022,5061047481066,1,instock
5912025,5061047481059,1,instock
5912028,5061047480366,14,instock
5904551,5061047480410,0,outofstock
5904549,5061047480403,0,outofstock
5904547,5061047480373,1,instock
5904460,5901761127812,0,outofstock
5904456,5901761127799,1,instock
5907627,5901761128062,5,instock
5907625,5901761128079,15,instock
5907626,5901761128086,5,instock
5904657,5061047480441,1,instock
5904655,5061047480472,1,instock
5904656,5061047480434,1,instock
5908439,5061047480212,1,instock
5908437,5061047480243,1,instock
5908442,5061047480236,1,instock
5904672,5061047481219,1,instock
5904671,5061047481226,0,outofstock
5904670,5061047481202,0,outofstock
5908730,5061047480755,0,outofstock
5908731,5061047480724,1,instock
790763,5901761128093,15,instock
790761,5901761128116,15,instock
790760,5901761128123,0,outofstock
791121,5901761128147,5,instock
791116,5901761128185,0,outofstock
791119,5901761128178,15,instock
791120,5901761128154,5,instock
791117,5901761128161,15,instock
791112,5901761128192,15,instock
5912878,5901761128208,1,instock
5903566,5901761128314,0,outofstock
5910220,5901761128284,1,instock
5910216,5901761128291,0,outofstock
5903594,5901761128383,1,instock
5903593,5901761128376,0,outofstock
5903592,5901761128390,1,instock
5904095,5901761128369,15,instock
5908565,5901761128420,1,instock
5905188,5901761128413,0,outofstock
5904434,5061047480489,1,instock
5904433,5061047480458,0,outofstock
5905187,5901761128437,15,instock
5905398,5901761128444,0,outofstock
5907624,5901761128581,5,instock
5905880,5901761128598,15,instock
5905879,5901761128604,15,instock
5905876,5901761128659,1,instock
5910128,5901761128567,15,instock
5906493,5901761128574,1,instock
5908946,5061047480342,0,outofstock
5908464,5061047480328,0,outofstock
5908455,5061047480359,0,outofstock
5909025,5061047480335,0,outofstock
5912034,5061047480250,1,instock
5907486,5901761128611,5,instock
5906551,5901761128628,15,instock
5907485,5901761128635,15,instock
5913376,5901761128673,15,instock
5912876,5901761128666,0,outofstock
5907327,5901761128727,15,instock
5908175,5901761128932,1,instock
5908174,5901761128949,1,instock
5908173,5901761128956,1,instock
5906939,5901761128710,15,instock
5909875,5901761129847,15,instock
5909876,5901761129854,5,instock
5907536,5901761128772,1,instock
5907535,5901761128765,15,instock
5907534,5901761128789,1,instock
5907480,5901761128963,0,outofstock
5907473,5901761128970,0,outofstock
5907476,5901761128987,0,outofstock
5907479,5901761128994,0,outofstock
5907481,5901761129014,0,outofstock
5907483,5901761129021,0,outofstock
5907470,5901761129045,1,instock
5907972,5061047480267,1,instock
5907973,5061047480274,0,outofstock
5907969,5061047481103,1,instock
5907970,7290116961255,1,instock
5907976,5061047480922,1,instock
5907977,5061047480939,1,instock
5907978,7290116961415,1,instock
5907979,5061047480953,1,instock
5907980,7290116961569,15,instock
5907974,5061047481233,1,instock
5907975,5061047481240,0,outofstock
5910706,5061047480205,1,instock
5912033,5061047480632,1,instock
5908873,5901761129588,5,instock
5908867,5901761129564,1,instock
5908875,5901761129571,1,instock
5908874,5901761129595,1,instock
5909164,5901761129472,5,instock
5909165,5901761129489,5,instock
5909166,5901761129496,5,instock
5912145,5901761129342,15,instock
5909607,5901761129397,1,instock
5909608,5901761129373,15,instock
5909616,5901761129380,1,instock
5909609,5901761129410,15,instock
5908293,5901761129359,0,outofstock
5909610,5901761129403,15,instock
5908292,5901761129366,1,instock
5908296,5901761129502,1,instock
5908297,5901761129519,1,instock
5909677,5901761129618,1,instock
5909676,5901761129601,1,instock
5909675,5901761129625,1,instock
5909163,5901761129540,15,instock
5909161,5901761129533,15,instock
5909162,5901761129557,15,instock
5912111,5901761129229,1,instock
59114527,5901761129182,1,instock
5912921,5901761129298,1,instock
5912347,5901761129311,0,outofstock
59114526,5901761129199,1,instock
5912110,5901761129243,0,outofstock
5912922,5901761129267,1,instock
5912923,5901761129274,0,outofstock
5912533,5901761129281,1,instock
5913217,5901761129212,1,instock
5914941,,15,instock
5913216,5901761129076,0,outofstock
5912113,5901761129083,5,instock
5912112,5901761129090,1,instock
5912346,5901761129106,0,outofstock
5912345,5901761129113,0,outofstock
5912344,5901761129120,0,outofstock
5914111,5901761129137,0,outofstock
5909619,5901761129144,0,outofstock
5909618,5901761129168,0,outofstock
5909617,5901761129175,0,outofstock
5909943,5901761129809,1,instock
5909942,5901761129823,1,instock
5909941,5901761129793,1,instock
5909939,5901761129816,1,instock
5909158,5061047480816,0,outofstock
5909157,5061047480823,1,instock
5909159,5061047480809,1,instock
5909172,5901761129830,1,instock
5912032,5061047480625,1,instock
5912031,5061047480618,1,instock
5904664,686268625096,0,outofstock
5909615,5901761129861,0,outofstock
5909691,5061047480281,1,instock
5912327,5901761129748,1,instock
5912143,5901761129755,0,outofstock
5912328,5901761129724,1,instock
5912326,5901761129731,5,instock
5910223,5901761129885,1,instock
5910969,5901761127256,15,instock
5910968,5901761127263,15,instock
5910978,5901761127287,1,instock
5910979,5901761127294,1,instock
5912831,5901761129953,0,outofstock
5912830,5901761129977,0,outofstock
5912829,5901761129984,15,instock
5912828,5901761129991,15,instock
5911714,5901761127171,0,outofstock
5911713,5901761127188,1,instock
5911711,5901761127195,1,instock
5911710,5901761127201,0,outofstock
5911708,5901761127133,0,outofstock
5911707,5901761127140,1,instock
5911706,5901761127157,1,instock
5911705,5901761127164,1,instock
5911704,5901761127218,15,instock
5911703,5901761127225,1,instock
5911702,5901761127232,1,instock
5911701,5901761127249,5,instock
5913215,5901761127362,5,instock
5910970,5901761127393,1,instock
5912827,5901761123159,0,outofstock
5912817,5901761123166,5,instock
5912816,5901761123173,5,instock
5912815,5901761123180,1,instock
5912826,5901761123197,0,outofstock
5912824,5901761123203,0,outofstock
5912818,5901761123210,0,outofstock
5912017,5907090700177,0,outofstock
5911918,5907090700160,1,instock
5914256,5907090700153,15,instock
5911678,5907090700078,1,instock
5911671,5907090700047,1,instock
5911670,5907090700054,1,instock
5911669,5907090700061,1,instock
5912018,5907090700030,0,outofstock
5912207,5907090700085,1,instock
5912204,5907090700092,15,instock
5912206,5907090700108,15,instock
5912203,5907090700115,15,instock
5912205,5907090700122,15,instock
5912535,5907090700139,15,instock
5912348,5907090700146,15,instock
5912218,5907090700344,1,instock
5912219,5907090700351,1,instock
5912220,5907090700368,1,instock
5912222,5907090700375,5,instock
5912202,5907090700276,1,instock
5912201,5907090700283,1,instock
5912200,5907090700290,1,instock
5912199,5907090700306,1,instock
5913961,5907090700849,1,instock
5913962,5907090700856,5,instock
5913959,5907090700863,5,instock
5913960,5907090700870,15,instock
5912015,5907090700252,15,instock
5912073,5907090700238,15,instock
5912072,5907090700269,15,instock
5911688,5061047481721,5,instock
5911686,5061047481738,5,instock
5911682,5061047481745,15,instock
5911680,5061047481752,1,instock
5911679,5061047482063,1,instock
5911526,5061047481929,1,instock
5911525,5061047481936,1,instock
5912211,5061047481905,1,instock
5912214,5061047481912,1,instock
5911917,5061047481592,1,instock
5911916,5061047481820,0,outofstock
5911698,5061047481790,1,instock
5913627,5061047481806,5,instock
5911530,5061047481950,5,instock
5911529,5061047481967,1,instock
5911528,5061047481974,1,instock
5911527,5061047481981,5,instock
5912511,5061047481639,1,instock
5912510,5061047481646,1,instock
5912875,5061047482117,14,instock
5912507,5061047482124,14,instock
5912505,5061047482155,0,outofstock
5912506,5061047482148,0,outofstock
5912837,5061047482186,4,instock
5912836,5061047482193,0,outofstock
5912835,5061047482209,0,outofstock
5912834,5061047481998,5,instock
5912502,5061047482018,0,outofstock
5912497,5061047482032,1,instock
5912498,5061047482049,1,instock
5912499,5061047482162,1,instock
5912500,5061047482179,1,instock
5912501,5061047482056,1,instock
5912504,5061047482285,15,instock
5912016,5907090700245,15,instock
5911700,5907090700184,1,instock
5911699,5907090700191,0,outofstock
5911696,5907090700207,1,instock
5911694,590709700214,1,instock
5911691,5907090700221,1,instock
5913005,5907090700450,1,instock
5913007,5907090700399,1,instock
5913008,5907090700412,1,instock
5913003,5907090700429,0,outofstock
5912997,5907090700436,0,outofstock
5912995,5907090700443,15,instock
5914720,5907090700597,15,instock
5914721,5907090700603,15,instock
5913210,5907090700481,15,instock
5913211,5907090700498,15,instock
5913212,5907090700504,15,instock
5913213,5907090700511,15,instock
5913207,5907090700528,0,outofstock
5913209,5907090700542,1,instock
5912833,5907090700559,1,instock
5912914,5907090700566,1,instock
5912832,5907090700573,1,instock
5912915,5907090700580,1,instock
5912475,5907090700610,1,instock
5912479,5907090700634,0,outofstock
5912481,5907090700641,15,instock
5912839,5061047482001,0,outofstock
5912838,5061047482025,0,outofstock
5913164,5907090700689,1,instock
5913163,5907090700696,1,instock
5913162,5907090700702,1,instock
5913161,5907090700719,1,instock
5913225,5907090700818,15,instock
5912991,5907090700672,1,instock
5913629,5907090700757,15,instock
5913630,5907090700764,15,instock
5913631,5907090700771,0,outofstock
5913632,5907090700788,1,instock
5913633,5907090700795,15,instock
5913634,5907090700801,15,instock
5913964,5907090700887,0,outofstock
5913963,5907090700894,1,instock
5910977,5907090700726,1,instock
5913373,8714274680746,1,instock
5914603,5907090700962,0,outofstock
5914604,5907090700979,0,outofstock
5914606,5907090700948,15,instock
5914985,5907090700900,15,instock
5914986,5907090700917,15,instock
5914987,5907090700924,1,instock
5914981,5907090700993,0,outofstock
5914982,5907090701006,15,instock
5914983,5907090701013,0,outofstock
5914984,5907090701020,16,instock
59114534,5907090701037,1,instock
59114533,5907090701044,1,instock
59114532,5907090701051,1,instock
59114531,5907090701068,1,instock
59114530,5907090701075,1,instock
59114529,5907090701082,1,instock
5914942,5907090701099,1,instock
5914938,5907090701105,1,instock
5914939,,1,instock
5914940,5907090701129,1,instock
5904665,5901761128260,1,instock
5904666,5901761128253,0,outofstock
5907336,5901761128925,15,instock
5909944,5901761129946,5,instock
5914236,5901761127690,1,instock
5911672,5901761128246,1,instock
5911673,5907090700009,1,instock
5904454,,0,outofstock
5904861,5901761127881,0,outofstock
5903589,5901761124712,1,instock
5903591,5901761122862,0,outofstock
5903486,5901761125634,0,outofstock
5903485,5901761125641,1,instock
782648,5901761124774,1,instock
782649,5901761124057,0,outofstock
782647,5901761126082,1,instock
5912480,5907090700382,0,outofstock
59114516,5907090701136,1,instock
5909673,5901761129892,1,instock
5909937,5901761129908,1,instock
5909934,5901761129915,1,instock
5909936,5901761129939,0,outofstock
5909674,5901761129922,0,outofstock
783676,5901761122961,0,outofstock
785728,5901761123739,0,outofstock
769691,5901761123128,0,outofstock
5907333,5901761126112,0,outofstock
5907335,5901761126129,0,outofstock
5907331,5901761128826,0,outofstock
5907332,5901761128833,0,outofstock
780496,5907717434188,5,instock
5907576,5901761128734,1,instock
784472,5907717434195,0,outofstock
5907575,5901761128741,1,instock
5907577,5901761128758,1,instock
761282,5901761122190,15,instock
16077,5907717434157,15,instock
12932,5907717434164,15,instock
5907489,5901761122183,15,instock
13711,5901761120318,0,outofstock
13710,5907717434539,1,instock
5903217,5901761127430,1,instock
5903218,5901761127447,1,instock
5903219,5901761127454,15,instock
5909168,5901761129663,0,outofstock
788039,5901761126211,0,outofstock
5908590,5901761128796,0,outofstock
5903216,5901761128239,0,outofstock
5913369,5907090700658,0,outofstock
786483,5901761127737,5,instock
786480,5901761127416,0,outofstock
780500,5901761125917,0,outofstock
5907482,5901761128802,0,outofstock
783677,5901761127409,0,outofstock
5913829,5907090700665,15,instock
780501,5901761125924,0,outofstock
5908591,5901761128819,0,outofstock
5912477,5907090700627,1,instock
782240,5901761127423,5,instock
780502,5901761125931,0,outofstock
790759,5901761128130,15,instock
790762,5901761128109,15,instock
5906317,5901761123432,0,outofstock
791251,5901761125245,1,instock
791250,5901761125979,1,instock
791253,,1,instock
791249,5901761125573,0,outofstock
5905059,5901761122381,15,instock
5904051,5901761123777,1,instock
5904052,5901761123784,1,instock
5904054,5901761126075,1,instock
5909171,5901761127683,5,instock
5905664,5901761128505,0,outofstock
5905662,5901761128499,0,outofstock
5905401,5901761128475,0,outofstock
5905665,5901761128482,0,outofstock
790894,5901761127614,0,outofstock
790893,5901761127607,0,outofstock
5909388,5901761127638,1,instock
5909387,5901761127645,1,instock
5913371,5901761127553,0,outofstock
5910703,5901761129434,0,outofstock
5910704,5901761129427,1,instock
791656,5901761125184,5,instock
5913140,5907090700740,1,instock
790781,5901761124446,0,outofstock
790778,5901761124477,0,outofstock
790779,5901761127522,0,outofstock
790777,5901761124460,0,outofstock
790782,5901761124439,0,outofstock
790780,5901761124453,0,outofstock
5909396,5901761129632,1,instock
5905064,5901761122428,0,outofstock
5905063,5901761122459,1,instock
5905062,5901761122435,0,outofstock
5905061,5901761122442,0,outofstock
5909661,5901761129878,15,instock
5914344,5907090700931,15,instock
5907077,5901761128680,15,instock
5907078,5901761128697,15,instock
5907076,5901761128703,17,instock
5904659,,1,instock
5904660,5061047480878,1,instock
5904661,,1,instock
5904166,,0,outofstock
5904167,686268624877,1,instock
5904165,,0,outofstock
5904558,,0,outofstock
5904559,,0,outofstock
5911674,5061047482070,1,instock
5911676,5061047481707,1,instock
5911677,5061047481691,1,instock
5911675,5061047481943,1,instock
5911287,5061047480649,1,instock
5911285,5061047480663,1,instock
5911286,5061047480656,0,outofstock
5904560,,0,outofstock
5904435,7290115246636,0,outofstock
5908433,5901761125030,1,instock
5908434,5901761125047,1,instock
5903596,5901761128222,1,instock
791657,5901761127775,1,instock
782646,5901761125108,1,instock
782645,5901761125078,1,instock
790892,5901761125085,1,instock
5906138,5901761128550,1,instock
5906137,5901761128529,1,instock
5905947,5901761128543,1,instock
5908291,5901761128536,1,instock
5908592,5901761128512,5,instock
5904089,5901761125290,1,instock
5904091,5901761126389,0,outofstock
5904090,5901761126396,0,outofstock
5908295,5901761128352,1,instock
5908866,5901761125870,0,outofstock
5904094,5901761125900,0,outofstock
5906318,5901761125696,0,outofstock
5908432,5901761124538,0,outofstock
5904566,5901761121674,0,outofstock
5904564,5901761125313,1,instock
5904562,5901761126358,0,outofstock
5904565,,1,instock
788043,5901761127706,0,outofstock
788045,5901761127713,0,outofstock
5902715,5901761127720,15,instock
782243,5901761124910,0,outofstock
782245,5901761125597,5,instock
5906319,5901761128406,1,instock
782244,5901761124927,15,instock
782241,5901761124996,15,instock
5912476,5907090700467,15,instock
5912478,5907090700474,5,instock
5907568,5901761128840,0,outofstock
5907725,5901761128857,0,outofstock
5907567,5901761128871,1,instock
5907726,5901761128864,1,instock
5907566,5901761128888,5,instock
5907886,5901761128895,1,instock
5907565,5901761128901,15,instock
5907564,5901761128918,5,instock
5903598,5901761127669,0,outofstock
5902719,5901691869356,0,outofstock
5902720,5901691869363,1,instock
5902722,5901691813953,0,outofstock
5902803,5901691870031,5,instock
5902805,5901691869950,15,instock
5902806,5901691869967,15,instock
5902807,5901691870079,1,instock
5902808,5901691870086,1,instock
5902809,5901691870000,15,instock
5902810,5901691869998,15,instock
5902811,5901691870130,5,instock
5902812,5901691870147,15,instock
5902813,5901691870154,15,instock
5902814,5901691870161,0,outofstock
5902815,5901691870215,15,instock
5902816,5901691870222,15,instock
5902817,5901691870239,15,instock
5902818,5901691870246,15,instock
5902819,5901691870178,15,instock
5902820,5901691870185,15,instock
5902821,5901691870208,15,instock
5902901,5901691870192,15,instock
5903139,5901691860858,15,instock
5903140,5901691854161,15,instock
5903141,5901691870116,5,instock
5903366,5901691871618,1,instock
5903837,5901691876590,15,instock
5903867,5901691873377,15,instock
5904068,5901691852563,0,outofstock
5904069,5901691852570,0,outofstock
5905011,5901691872417,15,instock
5905012,5901691879058,15,instock
5905013,5901691879065,15,instock
5905014,5901691879041,15,instock
5905046,5901691879881,15,instock
5905200,5901691880641,15,instock
5905201,5901691873605,1,instock
5905202,5901691873629,1,instock
5905203,5901691873599,5,instock
5905204,5901691873612,5,instock
5905652,5901691872653,0,outofstock
5905773,5901691875142,15,instock
5905774,5901691875135,5,instock
5905974,5901691879355,15,instock
5905975,5901691879348,15,instock
5905976,5901691879331,15,instock
5906259,5903407131092,15,instock
5906611,5901691864801,0,outofstock
5906612,5901691864788,15,instock
5906613,5901691864795,0,outofstock
5906614,5901691864818,15,instock
5906746,5901691854871,0,outofstock
5906944,5901691883079,1,instock
5906945,5901691883093,5,instock
5906946,5901691883116,5,instock
5906947,5901691883154,5,instock
5906948,5901691883178,5,instock
5906949,5901691883192,15,instock
5906950,5901691886278,5,instock
5906951,5901691886292,15,instock
5906952,5901691886261,15,instock
5906953,5901691886285,5,instock
5907328,5901691854345,1,instock
5907329,5901691854352,0,outofstock
5907409,5901691881655,1,instock
5907410,5901691881648,0,outofstock
5907411,5901691881679,1,instock
5907412,5901691881662,15,instock
5907413,5901691881686,5,instock
5907414,5901691881693,1,instock
5907415,5901691880412,5,instock
5907416,5901691880429,15,instock
5907417,5901691879386,15,instock
5907418,5901691879379,5,instock
5907419,5901691879393,5,instock
5907420,5901691879430,5,instock
5907421,5901691879447,5,instock
5907422,5901691879423,5,instock
5907423,5901691876781,15,instock
5907424,5901691876798,15,instock
5907425,5901691876804,15,instock
5907426,5901691876811,15,instock
5907427,5901691854543,15,instock
5907428,5901691882904,0,outofstock
5907727,5901691887992,5,instock
5907728,5901691888012,1,instock
5907729,5901691888005,0,outofstock
5907730,5901691888029,5,instock
5907731,5901691854666,15,instock
5907901,5901691885806,0,outofstock
5907902,5901691885752,0,outofstock
5907903,5901691885769,0,outofstock
5907905,5901691885844,0,outofstock
5907906,5901691885851,0,outofstock
5907907,5901691885868,0,outofstock
5907908,5901691889514,0,outofstock
5907909,5901691889507,15,instock
5907912,5901691889538,0,outofstock
5907913,5901691889521,0,outofstock
5908062,5901691889569,15,instock
5908064,5901691889576,15,instock
5908066,5901691889583,5,instock
5908067,5901691889590,15,instock
5908068,5901691889606,15,instock
5908069,5901691889613,15,instock
5908070,5901691885578,15,instock
5908079,5901691885561,5,instock
5908156,5901691880504,1,instock
5908157,5901691880498,1,instock
5908158,5901691880511,1,instock
5908233,5901691863989,1,instock
5908234,5901691889460,15,instock
5908235,5901691889453,15,instock
5908236,5901691889477,15,instock
5908237,5901691889422,15,instock
5908238,5901691889439,15,instock
5908239,5901691889446,15,instock
5908240,5901691889415,15,instock
5908241,5901691889408,15,instock
5908242,5901691889392,15,instock
5908358,5901691854635,1,instock
5908535,5901691885318,15,instock
5908536,5901691885301,5,instock
5908538,5901691863941,0,outofstock
5908540,5901691863965,0,outofstock
5908754,5901691893269,15,instock
5908755,5901691885691,0,outofstock
5908756,5901691885714,1,instock
5908757,5901691885707,0,outofstock
5908960,5901691864887,15,instock
5908962,5901691864894,15,instock
5908963,5901691864900,15,instock
5908964,5901691887923,1,instock
5908965,5901691887930,0,outofstock
5908971,5901691885387,15,instock
5909071,5903407162386,15,instock
5909072,5901691802568,15,instock
5909073,5903407162393,15,instock
5909229,5901691864931,0,outofstock
5909230,5901691864924,1,instock
5909231,5901691864917,5,instock
5909327,5901691886896,15,instock
5909328,5901691886902,5,instock
5909329,5901691886933,15,instock
5909330,5901691886940,15,instock
5909331,5901691886926,15,instock
5909332,5901691886919,15,instock
5909368,5901691800762,15,instock
5909369,5901691800779,5,instock
5909370,5901691800786,15,instock
5909557,5901691899148,0,outofstock
5909563,5901691801639,15,instock
5909564,5901691801646,5,instock
5909565,5901691802896,15,instock
5909592,5901691800649,5,instock
5909593,5901691800656,5,instock
5909594,5901691800663,5,instock
5909629,5901691895102,0,outofstock
5909659,5903407015019,15,instock
5909707,5901691895119,0,outofstock
5909708,5901691894136,15,instock
5909780,5901691854833,0,outofstock
5909781,5901691854840,5,instock
5909782,5901691854857,5,instock
5909783,5901691802858,15,instock
5909784,5901691802872,5,instock
5909898,5901691898929,15,instock
5909899,5901691898936,15,instock
5909900,5901691898943,1,instock
5909901,5901691898967,5,instock
5909902,5901691898950,15,instock
5909903,5901691885370,15,instock
5909993,5901691804371,15,instock
5909994,5901691801950,15,instock
5909995,5901691801868,15,instock
5909996,5901691801875,15,instock
5909997,5901691801882,15,instock
5909998,5901691801899,15,instock
5910019,5901691801653,0,outofstock
5910021,5901691801660,0,outofstock
5910023,5901691801677,0,outofstock
5910071,5901691892415,0,outofstock
5910083,5903407163352,15,instock
5910084,5903407163345,15,instock
5910085,5901691899339,15,instock
5910086,5901691899346,5,instock
5910087,5903407166254,5,instock
5910088,5901691899483,15,instock
5910089,5901691899506,15,instock
5910090,5901691899490,15,instock
5910091,5901691896864,15,instock
5910261,5903407165684,15,instock
5910264,5903407165691,15,instock
5910299,5901691854482,15,instock
5910378,5901691890299,5,instock
5910379,5901691890305,15,instock
5910381,5903407740157,0,outofstock
5910382,5903407740188,5,instock
5910383,5901691873339,0,outofstock
5910398,5903407162812,5,instock
5910713,5901691899858,15,instock
5910714,5901691801738,15,instock
5910715,5903407167473,5,instock
5910716,5903407167503,15,instock
5910717,5903407167404,5,instock
5910718,5903407167411,15,instock
5910719,5903407167428,15,instock
5910720,5903407167435,5,instock
5910808,5901691800717,0,outofstock
5910809,5901691800724,0,outofstock
5910810,5901691800731,0,outofstock
5910816,5903407167770,5,instock
5910817,5903407167800,5,instock
5910818,5903407167831,15,instock
5910819,5903407167862,5,instock
5910820,5903407167893,5,instock
5910821,5903407167923,1,instock
5910883,5901691854963,15,instock
5910884,5901691854994,15,instock
5910885,5903407165349,1,instock
5910886,5901691864979,0,outofstock
5910887,5901691864986,0,outofstock
5910888,5901691864993,0,outofstock
5910889,5901691890855,15,instock
5910890,5901691890848,15,instock
5910891,5901691890251,0,outofstock
5910892,5901691890268,15,instock
5911096,5901691800618,5,instock
5911098,5901691800632,15,instock
5911110,5903407165356,5,instock
5911111,5901691893245,15,instock
5911122,5901691898417,15,instock
5911123,5901691802698,15,instock
5911171,5901691802681,15,instock
5911172,5901691803930,15,instock
5911277,5903407095981,15,instock
5911278,5903407095998,15,instock
5911279,5903407096001,15,instock
5911280,5901691801967,15,instock
5911281,5901691802766,15,instock
5911282,5901691802773,15,instock
5911283,5901691801974,15,instock
5911292,5901691802667,0,outofstock
5911293,5901691802674,15,instock
5911294,5903407165332,15,instock
5911311,5901691898424,0,outofstock
5911312,5903407224237,5,instock
5911313,5903407164557,0,outofstock
5911315,5903407164571,15,instock
5911428,5901691802728,0,outofstock
5911429,5901691801578,0,outofstock
5911494,5901691887718,0,outofstock
5911495,5901691887725,15,instock
5911496,5901691887732,15,instock
5911498,5901691864948,1,instock
5911499,5901691864955,1,instock
5911500,5901691864962,5,instock
5911651,5903407164458,0,outofstock
5911652,5903407164472,0,outofstock
5911793,5901691864573,5,instock
5911794,5901691864580,15,instock
5911798,5903407164526,5,instock
5911807,5903407164601,15,instock
5911811,5903407164625,15,instock
5911943,5901691890237,15,instock
5911944,5901691890244,15,instock
5911945,5903407166292,15,instock
5911946,5903407166308,15,instock
5911947,5903407167442,1,instock
5911949,5903407167459,1,instock
5912075,5903407168067,5,instock
5912076,5903407164373,0,outofstock
5912349,5903407170565,5,instock
5912350,5903407166513,15,instock
5912351,5903407166544,15,instock
5912352,5903407166582,15,instock
5912353,5903407177427,15,instock
5912354,5903407171111,15,instock
5912355,5903407171104,15,instock
5912483,5903407172293,15,instock
5912484,5903407174952,15,instock
5912564,5903407165011,15,instock
5912610,5903407164946,15,instock
5912611,5903407164953,15,instock
5912612,5901691802834,15,instock
5912613,5901691802841,1,instock
5912614,0259016918977316,1,instock
5912639,5901691893252,5,instock
5912643,5903407175478,15,instock
5912644,5903407172606,15,instock
5912645,5903407172651,15,instock
5912646,5903407172668,0,outofstock
5912647,5903407177700,5,instock
5912648,5901691820661,5,instock
5912653,5901691801844,15,instock
5912654,5901691801851,15,instock
5912781,5903407179247,16,instock
5912810,5903407177441,15,instock
5912811,5903407177434,15,instock
5912812,5903407177410,15,instock
5912916,5903407162409,15,instock
5912919,5903407164991,15,instock
5912933,5901691880375,5,instock
5912934,5901691880382,15,instock
5912935,5901691880368,15,instock
5912936,5901691854932,0,outofstock
5912937,5901691854956,0,outofstock
5912938,5903407162416,15,instock
5912939,5901691866751,0,outofstock
5912940,5901691866768,1,instock
5913035,5903407175942,15,instock
5913036,5903407178554,5,instock
5913037,5903407166322,15,instock
5913038,5903407172613,0,outofstock
5913039,5903407162294,15,instock
5913040,5903407162300,15,instock
5913137,5901691800625,15,instock
5914180,5903407162584,15,instock
5914186,5903407362519,15,instock
5914189,5903407362526,15,instock
5914190,5903407362977,15,instock
5914191,5903407362984,15,instock
5914192,5903407363004,15,instock
5914193,5903407363011,5,instock
5914194,5903407363028,15,instock
5914195,5903407167749,5,instock
5914196,5903407362991,15,instock
5914225,5903407162560,15,instock
5914284,5903407165004,15,instock
5914430,5901691804746,15,instock
5914431,5901691854659,0,outofstock
5914443,5903407172521,15,instock
5914444,5903407172538,15,instock
5914445,5903407172545,0,outofstock
5914446,5903407172552,15,instock
5914447,5903407172569,15,instock
5914448,5903407172576,15,instock
5914449,5903407172583,15,instock
5914450,5903407172590,15,instock
5914515,5903407180472,15,instock
5914521,5903407363127,15,instock
5914630,5903407180656,0,outofstock
5914631,5903407180663,5,instock
5914632,5903407180670,15,instock
5914633,5903407363134,15,instock
5914634,5903407363882,15,instock
5914635,5903407363158,15,instock
5914990,5903407367279,15,instock
773995,5903407122045,15,instock
773997,5903407700014,15,instock
773998,5903407186030,15,instock
773999,5903407186023,5,instock
774001,5901691807426,15,instock
774003,5901691807570,15,instock
774004,5903407730028,15,instock
774005,5903407730035,15,instock
774006,5903407730011,15,instock
774007,5903407780023,15,instock
774008,5903407780016,0,outofstock
774009,5903407122014,15,instock
774020,5901691812994,15,instock
774021,5901691813007,15,instock
774022,5901691813014,15,instock
774023,5901691812987,15,instock
774024,5901691812970,15,instock
774025,5901691812963,15,instock
774026,5901691812956,15,instock
774027,5901691812949,1,instock
774028,5901691812932,0,outofstock
774031,5903407352268,15,instock
774034,5903407217192,15,instock
774035,5903407217239,15,instock
774036,5903407217215,15,instock
774037,5903407217222,15,instock
774038,5903407217208,15,instock
774039,5903407217246,15,instock
774053,5903407181189,15,instock
774054,5903407181141,15,instock
774055,5903407181165,15,instock
774056,5903407181172,0,outofstock
774057,5903407181158,15,instock
774058,5903407183305,15,instock
774060,5903407785028,1,instock
774063,5903407785004,0,outofstock
774072,5903407561226,15,instock
774076,5901691816879,15,instock
774077,5903407560144,15,instock
774078,5903407565187,5,instock
774079,5903407565170,15,instock
774086,5901691813359,15,instock
774087,5901691813366,15,instock
774089,5901691813380,5,instock
774090,5901691813397,15,instock
774091,5901691813403,0,outofstock
774092,5903407566009,15,instock
774106,5903407560052,15,instock
774111,5903407561066,15,instock
774120,5903407044071,15,instock
774123,5901691811218,15,instock
774124,5901691811171,15,instock
774126,5901691854864,5,instock
774127,5903407560113,15,instock
774137,5903407151045,15,instock
774141,5901691854536,1,instock
774209,5903407224176,15,instock
774211,5903407224169,15,instock
774212,5903407224183,15,instock
774223,5903407108902,0,outofstock
774230,5903407800035,15,instock
774231,5903407561424,15,instock
774240,5903407561547,15,instock
774241,5903407098098,15,instock
774242,5903407098135,15,instock
774249,5903407028125,5,instock
774250,5903407510002,15,instock
774251,5903407095011,0,outofstock
774258,5903407131009,15,instock
774262,5901691812017,15,instock
774263,5901691812031,15,instock
774264,5901691812024,15,instock
774265,5903407024509,15,instock
774277,5903407028903,1,instock
774278,5903407028910,15,instock
774279,5901691816503,15,instock
774298,5903407028170,15,instock
774419,5901691813090,5,instock
774420,5901691813106,15,instock
774421,5901691813113,15,instock
774433,5901691812055,15,instock
774434,5901691812048,15,instock
774447,5901691811201,5,instock
774969,5901691801585,0,outofstock
774971,5903407791012,15,instock
775057,5901691813137,15,instock
775064,5901691813168,5,instock
775151,5903407561462,15,instock
775154,5901691816527,0,outofstock
775519,5901691812680,0,outofstock
775521,5901691812673,0,outofstock
775606,5901691812697,0,outofstock
775620,5903407501031,0,outofstock
775622,5903407501017,1,instock
775624,5901691820265,1,instock
775875,5901691813076,1,instock
775902,5903407021034,15,instock
775944,5901691813069,0,outofstock
775945,5901691813083,0,outofstock
776013,5903407561455,15,instock
776063,5901691812062,15,instock
776187,5903407680637,15,instock
776188,5901691824423,15,instock
776404,5903407740256,15,instock
776414,5903407791029,15,instock
776535,5901691863996,15,instock
776865,5903407740515,15,instock
776866,5903407740539,1,instock
776867,5903407740522,1,instock
776874,5903407560007,1,instock
777085,5903407016535,15,instock
777239,5901691828551,0,outofstock
777240,5903407595825,15,instock
777304,5903407561523,15,instock
777305,5901691828582,15,instock
777307,5901691828605,15,instock
777308,5901691816978,15,instock
777309,5903407510101,15,instock
777310,5903407740058,0,outofstock
777595,5903407680712,15,instock
777596,5903407680729,5,instock
777597,5903407903156,0,outofstock
777708,5903407902524,0,outofstock
777893,5903407131078,15,instock
777894,5903407022079,15,instock
777896,5901691865006,15,instock
777901,5903407232737,0,outofstock
777907,5903407561318,15,instock
777909,5903407800011,15,instock
777914,5903407561592,5,instock
777915,5903407024219,15,instock
777917,5903407740102,0,outofstock
777918,5903407091198,15,instock
777921,5903407740164,0,outofstock
777923,5903407024103,15,instock
778017,5903407680774,1,instock
778087,5903407352282,1,instock
778221,5903407028590,15,instock
778836,5903407680842,15,instock
778837,5903407680835,15,instock
778838,5903407680811,15,instock
778839,5903407680828,15,instock
778840,5903407680804,15,instock
779178,5903407680798,15,instock
779185,5903407510071,15,instock
779186,5903407510064,5,instock
779198,5903407565217,15,instock
779407,5903407561103,15,instock
779408,5901691838178,0,outofstock
779409,5903407561110,15,instock
779468,5903407226347,1,instock
779706,5903407515007,15,instock
779707,5901691835320,15,instock
779906,5901691839656,15,instock
779907,5901691839663,15,instock
779908,5903407561615,15,instock
779909,5901691840140,15,instock
780005,5903407903859,0,outofstock
780006,5903407510231,0,outofstock
780007,5903407903866,0,outofstock
780259,5903407015002,15,instock
780479,5901691844391,15,instock
780480,5901691844407,5,instock
780481,5901691844414,5,instock
780482,5901691844421,5,instock
780503,5903407564982,1,instock
780510,5903407993102,1,instock
780511,5903407561271,5,instock
780746,5903407791043,15,instock
781064,5901691844353,5,instock
781065,5901691844360,5,instock
781066,5901691844384,15,instock
781067,5901691844377,15,instock
781160,5903407800028,15,instock
781477,5903407074085,15,instock
781479,5903407993447,15,instock
781480,5903407993430,15,instock
781483,5903407993485,15,instock
781485,5903407993478,15,instock
781486,5903407993454,15,instock
781487,5903407993461,15,instock
781488,5903407993492,15,instock
781489,5903407993508,15,instock
781490,5903407993515,15,instock
781491,5903407993522,15,instock
781492,5901691843820,15,instock
781493,5901691843813,15,instock
781495,5901691844155,0,outofstock
781496,5901691843837,15,instock
781497,5901691843844,15,instock
781498,5903407044163,15,instock
781639,5903407020082,0,outofstock
781868,5903407791067,0,outofstock
781869,5901691848368,0,outofstock
781870,5903407510262,15,instock
781871,5901691846333,0,outofstock
781872,5903407510255,0,outofstock
782481,5903407091150,15,instock
782482,5901691839830,15,instock
783072,5901691850002,0,outofstock
783073,5901691849990,15,instock
783180,5903407565231,1,instock
783181,5903407565156,1,instock
783182,5903407565163,5,instock
783422,5903407803012,1,instock
783426,5903407803043,5,instock
783680,5901691850026,1,instock
786083,5901691851177,0,outofstock
786084,5901691851160,0,outofstock
786085,5901691833067,0,outofstock
786088,5901691833074,1,instock
786098,5901691852341,15,instock
786099,5901691852327,15,instock
786101,5901691852334,15,instock
786396,5901691852532,5,instock
786553,5901691852433,1,instock
786567,5903407565804,15,instock
786634,5901691852501,15,instock
786719,5903407022949,15,instock
786720,5903407022215,15,instock
787328,5903407422015,15,instock
787595,5901691856042,5,instock
787596,5901691856059,15,instock
787597,5901691856066,15,instock
787598,5901691856073,5,instock
787599,5901691856080,15,instock
787600,5901691856097,15,instock
787602,5901691857919,0,outofstock
787845,5901691849679,1,instock
787846,5901691849686,0,outofstock
787847,5901691849709,1,instock
787848,5901691849716,1,instock
787849,5901691849723,0,outofstock
787852,5901691849747,5,instock
787853,5901691849754,1,instock
788182,5901691860865,15,instock
788226,5901691861398,15,instock
788227,5901691861602,15,instock
788229,5901691861411,15,instock
788232,5901691861633,15,instock
788234,5901691861510,15,instock
788521,5901691861497,15,instock
788671,5901691860988,5,instock
788672,5901691860971,15,instock
788673,5901691860964,15,instock
788731,5901691852778,15,instock
788732,5901691852785,5,instock
788733,5901691852754,5,instock
789362,5901691865921,0,outofstock
789364,5901691865945,0,outofstock
789435,5903407560076,15,instock
789437,5903407021188,15,instock
789438,5901691854499,5,instock
789439,5903407028101,15,instock
790365,5901691862777,0,outofstock
790376,5901691862807,15,instock
790829,5901691866478,15,instock
791204,5903407791036,1,instock
791339,5901691870697,1,instock
791340,5901691870703,1,instock
791341,5901691870680,1,instock
791342,5901691870673,5,instock
791344,5901691870710,15,instock
791345,5901691870727,15,instock
791346,5901691870758,15,instock
791347,5901691870741,5,instock
5914031,5904326946699,0,outofstock
5909118,,1,instock
5912736,5904326941366,0,outofstock
5912714,,1,instock
788726,5904326942134,1,instock
5904629,,0,outofstock
5910847,5904326942356,1,instock
5907857,5904326942110,1,instock
5914410,5904326941595,1,instock
5914408,5904326942479,1,instock
5907858,5904326942141,1,instock
5904332,,1,instock
5908885,,0,outofstock
5908692,,1,instock
5908690,,0,outofstock
5908691,,1,instock
5908689,,1,instock
5914412,5904326940000,1,instock
5914411,5904326940017,1,instock
5914414,5904326940062,0,outofstock
5914417,5904326940307,1,instock
5914416,5904326940314,1,instock
5914415,5904326940352,1,instock
5907856,,1,instock
5914413,5904326940437,1,instock
5914406,5904326940796,0,outofstock
5914407,5904326940802,0,outofstock
5912739,5904326941465,0,outofstock
5914409,5904326942073,1,instock
5914420,5904326942806,1,instock
5906758,5904326942813,1,instock
5914419,,0,outofstock
5914418,5904326943056,1,instock
789302,5904326943544,0,outofstock
5909121,5904326943742,0,outofstock
789367,5904326943759,0,outofstock
789366,,1,instock
5912669,,0,outofstock
789299,,0,outofstock
5914005,5904326944114,1,instock
5912690,5904326944138,0,outofstock
5908005,5904326944428,1,instock
5912737,5904326944626,1,instock
5914423,5904326944848,0,outofstock
5914421,5904326944886,0,outofstock
5914422,5904326944893,0,outofstock
5904310,,0,outofstock
5914424,,1,instock
5907998,,1,instock
5907864,5904326945340,1,instock
5914425,,1,instock
5908191,5904326945449,0,outofstock
5914426,5904326945548,0,outofstock
5904324,,1,instock
5912715,5904326945814,0,outofstock
5908888,,0,outofstock
5904957,,1,instock
5909103,,1,instock
5912730,5904326946446,0,outofstock
5912716,5904326946477,0,outofstock
5908887,5904326946675,1,instock
5914427,,1,instock
5907860,5904326946798,1,instock
5911888,,1,instock
5907059,5904326947030,0,outofstock
5909113,5904326947047,0,outofstock
5907225,5904326947054,0,outofstock
5907061,5904326947078,0,outofstock
5909114,,0,outofstock
5907224,5904326947092,1,instock
5907227,,0,outofstock
5907218,5904326947139,0,outofstock
5907216,,1,instock
5907053,,0,outofstock
5907046,,1,instock
5912005,,0,outofstock
5907188,,0,outofstock
5907475,5904326947962,0,outofstock
5907166,5904326947979,15,instock
5914428,,1,instock
5907162,5904326948075,0,outofstock
5907871,5904326948228,1,instock
5907471,5904326948235,0,outofstock
5907439,5904326948242,1,instock
5907872,5904326948266,0,outofstock
5907544,,0,outofstock
5907441,5904326948372,0,outofstock
5907442,,1,instock
5907574,,0,outofstock
5907890,,1,instock
5907548,,0,outofstock
5907437,5904326948778,0,outofstock
5908665,,0,outofstock
5907573,5904326948976,0,outofstock
5907557,5904326948990,1,instock
5907555,,1,instock
5907554,,0,outofstock
5907988,,1,instock
5907559,,1,instock
5907994,5904326949096,1,instock
5909081,,1,instock
5912738,5904326949157,0,outofstock
5908495,,0,outofstock
5908517,5904326949362,0,outofstock
5908508,,1,instock
5908504,,1,instock
5908500,,0,outofstock
5908520,5904326949546,0,outofstock
5908506,5904326949577,0,outofstock
5908507,5904326949591,0,outofstock
5908503,5904326949607,0,outofstock
5912718,5904326949751,0,outofstock
5909120,,1,instock
5908979,,0,outofstock
5908684,,1,instock
5908666,5904326949997,5,instock
5908973,,1,instock
5909625,,1,instock
5908694,,0,outofstock
5908978,,1,instock
5909089,,1,instock
5909091,,1,instock
5909090,,1,instock
5909086,,1,instock
5909085,,0,outofstock
5909079,,0,outofstock
5911885,5906280650896,0,outofstock
5909623,5906280650902,1,instock
5909094,5906280650926,0,outofstock
5909624,,1,instock
5909092,,1,instock
5914221,5906280650988,0,outofstock
5914220,5906280650995,1,instock
5909096,5906280651084,1,instock
5909102,,0,outofstock
5910158,5906280651282,0,outofstock
5912734,5906280651299,0,outofstock
5912733,5906280651381,1,instock
5913996,5906280651510,1,instock
5910152,5906280651787,1,instock
5910160,,0,outofstock
5910673,,1,instock
5910674,,1,instock
5910157,,1,instock
5910664,,1,instock
5910134,5906280652036,0,outofstock
5910677,,1,instock
5910676,5906280652272,0,outofstock
5910659,,1,instock
5911052,5906280652524,0,outofstock
5910658,5906280652654,1,instock
5911046,5906280652777,0,outofstock
5911051,5906280652852,0,outofstock
5913314,5906280653149,1,instock
5913313,5906280653156,1,instock
5913454,5906280653163,1,instock
5912731,5906280653170,0,outofstock
5913311,5906280653293,0,outofstock
5913310,5906280653347,0,outofstock
5912667,,1,instock
5912732,5906280653446,0,outofstock
5912689,5906280653576,0,outofstock
5912688,5906280653699,0,outofstock
5912679,5906280653712,0,outofstock
5912678,,1,instock
5912677,5906280653750,1,instock
5913416,5906280653798,1,instock
5913417,5906280653811,1,instock
5912722,5906280653880,1,instock
5912719,5906280653903,1,instock
5912672,5906280653927,0,outofstock
5912675,5906280653934,1,instock
5912674,5906280653941,1,instock
5913433,5906280653958,0,outofstock
5913434,5906280653965,0,outofstock
5913430,5906280653972,0,outofstock
5912680,5906280653989,1,instock
5912725,5906280654030,1,instock
5912728,5906280654054,1,instock
5912683,5906280654085,1,instock
5912724,5906280654108,1,instock
5912687,5906280654122,0,outofstock
5912686,5906280654139,0,outofstock
5912685,5906280654146,1,instock
5912727,5906280654160,1,instock
5912726,5906280654177,1,instock
5913309,5906280654313,1,instock
5913308,5906280654320,1,instock
5913307,5906280654429,0,outofstock
5913306,5906280654450,1,instock
5913305,5906280654467,1,instock
5913304,5906280654474,1,instock
5913302,5906280654566,0,outofstock
5913974,5906280654641,1,instock
5913559,,1,instock
5914002,5906280654733,1,instock
5913427,5906280654788,0,outofstock
5913426,5906280654801,0,outofstock
5913296,5906280655082,0,outofstock
5913293,5906280655112,1,instock
5913291,5906280655136,0,outofstock
5913890,5906280655143,0,outofstock
5913290,,1,instock
5913289,,1,instock
5913288,5906280655259,1,instock
5913287,,0,outofstock
5913286,5906280655273,0,outofstock
5913285,5906280655297,0,outofstock
5913283,,1,instock
5913282,5906280655327,0,outofstock
5913277,5906280655372,1,instock
5913275,,0,outofstock
5913272,5906280655808,1,instock
5913562,5906280655983,1,instock
5913331,5906280656027,1,instock
5913332,5906280656034,0,outofstock
5913271,,1,instock
5913270,5906280656058,1,instock
5913269,,1,instock
5913268,5906280656072,1,instock
5913267,,1,instock
5913266,,1,instock
5913264,,1,instock
5913556,,1,instock
5913263,5906280656195,1,instock
5913261,5906280656263,1,instock
5913260,,1,instock
5913258,,1,instock
5914035,5906280656300,0,outofstock
5914006,5906280656317,1,instock
5913998,5906280656324,0,outofstock
5913560,5906280656331,1,instock
5913257,,1,instock
5913255,5906280656409,1,instock
5914198,5906280656423,1,instock
5913564,5906280656492,1,instock
5913568,5906280656508,0,outofstock
5913567,5906280656515,1,instock
5913566,5906280656522,1,instock
5913557,5906280656553,1,instock
5913994,5906280656607,0,outofstock
5913563,5906280656676,0,outofstock
5914027,5906280656713,1,instock
5912742,5906280656782,1,instock
5912743,5906280656799,1,instock
5913555,,0,outofstock
5913572,5906280656850,1,instock
5913553,,1,instock
5913972,5906280657048,0,outofstock
5913570,5906280657093,1,instock
5914026,5906280657109,0,outofstock
5914030,5906280657123,1,instock
5914018,5906280657215,1,instock
5914020,5906280657239,1,instock
5914019,5906280657253,1,instock
5914016,5906280657260,1,instock
5914202,5906280657345,0,outofstock
5914199,5906280657383,1,instock
5913893,5906280657390,1,instock
5913891,5906280657406,1,instock
5914265,5906280657444,1,instock
5914203,5906280657451,1,instock
5914200,,1,instock
5914260,,1,instock
5914216,5906280657604,1,instock
5914039,5906280657635,1,instock
5914201,5906280657642,1,instock
5914013,5906280657659,1,instock
5914014,5906280657666,1,instock
5914012,5906280657819,0,outofstock
5914038,5906280657871,1,instock
5914215,5906280657895,1,instock
5914010,5906280657994,0,outofstock
5914218,5906280658007,1,instock
5914217,5906280658014,1,instock
5914009,5906280658021,1,instock
5914007,5906280658038,0,outofstock
5914045,5906280658083,15,instock
5914040,5906280658090,1,instock
5913254,,1,instock
5914263,5906280658137,1,instock
5914262,,1,instock
5914197,5906280658205,1,instock
5914204,5906280658250,1,instock
5914222,5906280658274,0,outofstock
5909108,,1,instock
5912006,,0,outofstock
5912008,,0,outofstock
5912009,,1,instock
5910143,5906280651527,1,instock
5909854,5906280651602,0,outofstock
5910161,,0,outofstock
5910149,5906280651725,1,instock
5913545,,0,outofstock
5910144,5906280651428,0,outofstock
5911887,5904326944800,1,instock
778095,5907644000029,15,instock
5902683,5907644000043,15,instock
21504,5907644000050,15,instock
780220,5907644000111,15,instock
780256,5907644000142,15,instock
783045,5907644000159,15,instock
790025,5907644000302,15,instock
783369,5907644000319,15,instock
778301,5907644000333,15,instock
779920,5907644000340,15,instock
778310,5907644000432,15,instock
778303,5907644000555,15,instock
784166,5907644000562,15,instock
783044,5907644000654,15,instock
786073,5907644000692,15,instock
782688,5907644000715,0,outofstock
782689,5907644000722,1,instock
791109,5907644000739,15,instock
791110,5907644000746,15,instock
5902923,5907644000821,15,instock
791111,5907644000838,15,instock
779947,5907644000869,15,instock
781113,5907644001002,15,instock
781114,5907644001019,15,instock
781435,5907644001026,15,instock
5908159,5907644001033,15,instock
5902928,5907644001040,5,instock
787372,5907644001057,15,instock
5902724,5907644001071,15,instock
782872,5907644001149,15,instock
782873,5907644001156,15,instock
5904745,5907644001200,5,instock
5904746,5907644001217,5,instock
5907675,5907644001446,15,instock
786374,5907644001576,15,instock
789819,5907644001583,15,instock
5902895,5907644001606,15,instock
783165,5907644001620,15,instock
5906934,5907644001637,15,instock
787882,5907644001644,15,instock
787883,5907644001651,15,instock
787884,5907644001668,15,instock
789291,5907644001675,15,instock
5903457,5907644001682,15,instock
5908160,5907644001699,15,instock
5904044,5907644002016,15,instock
5904045,5907644002030,15,instock
5904046,5907644002047,15,instock
5908073,5907644002061,1,instock
18846,5907644002337,15,instock
17138,5907644002344,15,instock
17099,5907644002351,15,instock
18389,5907644002368,15,instock
13498,5907644002481,15,instock
25400,5907644002498,0,outofstock
5907263,5907644002504,15,instock
10725,5907644002542,15,instock
786735,5907644002580,15,instock
9657,5907644002634,0,outofstock
779600,5907644002641,15,instock
779601,5907644002658,15,instock
764250,5907644003068,15,instock
764251,5907644003075,15,instock
764252,5907644003082,15,instock
780085,5907644003389,15,instock
763119,5907644003440,15,instock
765723,5907644003464,15,instock
766240,5907644003549,15,instock
765856,5907644003556,15,instock
773847,5907644003563,15,instock
765858,5907644003570,15,instock
773848,5907644003587,0,outofstock
767731,5907644003624,15,instock
767732,5907644003631,15,instock
777131,5907644003662,0,outofstock
770701,5907644003938,15,instock
770702,5907644003945,15,instock
770704,5907644003952,15,instock
781436,5907644003990,15,instock
772532,5907644004102,15,instock
774732,5907644004133,15,instock
774735,5907644004164,15,instock
774736,5907644004171,15,instock
774737,5907644004188,15,instock
777631,5907644004249,5,instock
777132,5907644004294,15,instock
778606,5907644004300,15,instock
779454,5907644004324,15,instock
779455,5907644004478,5,instock
780926,5907644004492,15,instock
780927,5907644004508,15,instock
779713,5907644004515,0,outofstock
780928,5907644004522,1,instock
780931,5907644004560,5,instock
778106,5907644004577,15,instock
778107,5907644004584,15,instock
787885,5907644004607,0,outofstock
778108,5907644004614,1,instock
779921,5907644004621,15,instock
783769,5907644004676,5,instock
783770,5907644004683,0,outofstock
783768,5907644004690,0,outofstock
783771,5907644004706,15,instock
787887,5907644004713,15,instock
779923,5907644004737,15,instock
786736,5907644004744,15,instock
786737,5907644004751,15,instock
5902725,5907644004768,15,instock
5907265,5907644004775,15,instock
5902726,5907644004805,0,outofstock
5902727,5907644004812,15,instock
5902728,5907644004829,15,instock
5902729,5907644004836,15,instock
786375,5907644004867,15,instock
5903455,5907644004874,15,instock
786378,5907644004942,15,instock
786379,5907644004959,15,instock
786380,5907644004973,15,instock
786381,5907644004980,15,instock
779712,5907644005000,15,instock
785537,5907644005017,15,instock
787045,5907644005031,15,instock
787046,5907644005048,5,instock
787360,5907644005116,15,instock
787361,5907644005123,15,instock
787373,5907644005147,0,outofstock
5904049,5907644005154,15,instock
5904050,5907644005161,5,instock
788472,5907644005178,5,instock
788473,5907644005185,1,instock
788476,5907644005246,15,instock
788477,5907644005253,15,instock
790790,5907644005321,15,instock
5905350,5907644005345,15,instock
787673,5907644005383,1,instock
783215,5907644005499,15,instock
783216,5907644005505,15,instock
783217,5907644005512,15,instock
783218,5907644005529,15,instock
783164,5907644005611,0,outofstock
790368,5907644005703,15,instock
5907192,5907644005734,0,outofstock
790370,5907644005741,15,instock
790371,5907644005758,15,instock
5903284,5907644005802,0,outofstock
5903285,5907644005819,5,instock
5903286,5907644005826,15,instock
5903287,5907644005833,0,outofstock
5908381,5907644005840,15,instock
5908382,5907644005857,0,outofstock
5907083,5907644005888,0,outofstock
5907086,5907644005918,0,outofstock
786074,5907644006120,1,instock
5912298,5905317670500,15,instock
789398,5903858996653,15,instock
5905764,5907644006380,15,instock
5905737,5907644006403,15,instock
5906936,5907644006410,15,instock
5906937,5907644006434,5,instock
5906938,5907644006441,5,instock
5907944,5907644006458,15,instock
5907945,5907644006465,15,instock
5907946,5907644006472,15,instock
5908161,5907644006489,15,instock
5908162,5907644006496,15,instock
5908163,5907644006502,15,instock
5908164,5907644006519,15,instock
5908165,5907644006526,15,instock
5908166,5907644006533,15,instock
5908383,5907644006557,15,instock
5909568,5907644006564,1,instock
5909569,5907644006571,15,instock
5909606,5907644006588,15,instock
5910093,5907644006595,15,instock
5910033,5907644006618,15,instock
5910034,5907644006625,1,instock
5910035,5907644006632,15,instock
5912874,5907644006649,15,instock
5910036,5907644006694,15,instock
5910037,5907644006700,15,instock
5910038,5907644006717,15,instock
5910039,5907644006724,5,instock
5910040,5907644006731,5,instock
5910726,5907644006748,15,instock
5910727,5907644006755,15,instock
5911435,5907644006762,15,instock
5911231,5907644006779,15,instock
5911232,5907644006786,15,instock
5911655,5907644006793,15,instock
5911656,5907644006809,15,instock
5911657,5907644006816,15,instock
5911216,5907644006823,15,instock
5912744,5907644006830,0,outofstock
5912745,5907644006847,15,instock
5912746,5907644006854,5,instock
5912747,5907644006861,15,instock
5911512,5907644006878,15,instock
5911368,5907644006885,15,instock
5912177,5907644006915,15,instock
5912178,5907644006922,15,instock
5912299,5907644006939,15,instock
5912660,5907644006946,15,instock
5912661,5907644006953,15,instock
5912662,5907644006960,15,instock
5912663,5907644006977,15,instock
5913073,5907644006991,15,instock
5913610,5907644007028,5,instock
5913611,5907644007035,15,instock
5913612,5907644007042,15,instock
5913613,5907644007059,15,instock
5913614,5907644007066,1,instock
5913615,5907644007073,15,instock
5913616,5907644007080,15,instock
5913828,5907644007103,15,instock
5913455,5907644007127,15,instock
5914178,5907644007158,15,instock
5914179,5907644007165,0,outofstock
779708,5907644010424,5,instock
9333,5907644010431,1,instock
5907632,5907644010448,5,instock
5907633,5907644010455,1,instock
790639,5907644011216,15,instock
790640,5907644011230,15,instock
790641,5907644011261,15,instock
790642,5907644011285,15,instock
12753,5907644000388,1,instock
789339,5907644011322,15,instock
789340,5907644011339,15,instock
789341,5907644011346,15,instock
789342,5907644011353,15,instock
769513,5907644012312,15,instock
769515,5907644012336,15,instock
768546,5907644012367,15,instock
771559,5907644012381,15,instock
772990,5907644012411,15,instock
773006,5907644012480,15,instock
781721,5907644012534,15,instock
781974,5907644012565,15,instock
775963,5907644012800,15,instock
761535,5907644013005,15,instock
25413,5907644013203,15,instock
782123,5907644015023,5,instock
782125,5907644015047,5,instock
782126,5907644015054,1,instock
5907634,5907644015122,0,outofstock
5907635,5907644015139,15,instock
4432,5907644016006,15,instock
763127,5907644016402,15,instock
5912512,5907644016624,1,instock
5912513,5907644016631,15,instock
5912514,5907644016648,5,instock
5912515,5907644016655,5,instock
5912516,5907644016662,15,instock
773899,5907644017447,5,instock
5913049,5907644009008,0,outofstock
,,0,
780709,5901691956940,1,instock
780710,5901691956957,0,outofstock
780711,5901691956964,15,instock
781037,5901691957053,0,outofstock
781038,5901691957046,0,outofstock
789837,5901691957954,5,instock
789835,5901691957930,5,instock
789833,5901691957916,0,outofstock
789829,5901691957879,5,instock
789827,5901691957855,0,outofstock
789831,5901691957893,0,outofstock
5910055,5901691959606,0,outofstock
5910056,5901691959613,0,outofstock
5910057,5901691959620,0,outofstock
5910058,5901691959637,0,outofstock
5911362,5901691959781,15,instock
5908244,5901691959057,0,outofstock
5908245,5901691959064,0,outofstock
5911363,5901691959798,0,outofstock
5907247,5901691959002,15,instock
5907248,5901691959019,0,outofstock
5907249,5901691959026,0,outofstock
5910132,5901691959644,0,outofstock
5910567,5901691959675,0,outofstock
5910568,5901691959682,0,outofstock
5910569,5901691959699,1,instock
5910570,5901691959705,0,outofstock
5902736,5901691958494,0,outofstock
5911414,5901691959804,15,instock
5902737,5901691958500,0,outofstock
5903259,5901691958517,0,outofstock
5911415,5901691959811,0,outofstock
5911422,5901691959866,0,outofstock
5911423,5901691959859,1,instock
5911424,5901691959842,1,instock
5911425,5901691959835,1,instock
5911426,5901691959828,0,outofstock
780113,,1,instock
5913099,5901691959231,15,instock
5913098,5901691959248,5,instock
5913100,5901691959255,15,instock
5913101,5901691959262,0,outofstock
5912550,5901691959958,15,instock
5912551,5901691959965,15,instock
5912553,5901691959972,15,instock
5912554,5901691959989,5,instock
5907840,5901691959095,0,outofstock
5907843,5901691959101,0,outofstock
5907844,5901691959118,0,outofstock
5907845,5901691959125,0,outofstock
5910092,5901691959651,0,outofstock
5908249,5901691957817,1,instock
5910879,5901691959460,0,outofstock
5910878,5901691959453,0,outofstock
5905810,5901691958753,0,outofstock
5905811,5901691958760,0,outofstock
764724,5901691958777,5,instock
5905803,5901691958784,0,outofstock
5907348,5901691958845,1,instock
786186,5901691957527,5,instock
5911948,5901691958685,0,outofstock
5910133,5901691958692,0,outofstock
5908248,5901691958708,0,outofstock
789204,5901691957657,1,instock
789202,5901691957671,5,instock
789200,5901691957695,1,instock
789196,5901691957619,0,outofstock
789192,5901691957558,0,outofstock
789198,5901691957633,15,instock
789205,5901691957664,0,outofstock
789203,5901691957688,5,instock
789193,5901691957565,0,outofstock
789199,5901691957640,15,instock
789838,5901691957961,0,outofstock
789836,5901691957947,15,instock
789834,5901691957923,15,instock
789830,5901691957886,0,outofstock
789828,5901691957862,0,outofstock
789832,5901691957909,1,instock
5902738,5901691958319,0,outofstock
5902739,5901691958326,0,outofstock
5902740,5901691958333,0,outofstock
5902741,5901691958340,0,outofstock
5902742,5901691958357,0,outofstock
768218,,0,outofstock
789375,5901691958029,1,instock
5912766,5901691959910,1,instock
5912767,5901691959927,1,instock
5912768,5901691959934,1,instock
5912769,5901691959941,0,outofstock
5902700,5901691958210,0,outofstock
5909632,5901691959149,0,outofstock
5908285,5901691959156,0,outofstock
5908489,5901691959170,0,outofstock
5908490,5901691959163,0,outofstock
5908491,5901691959187,0,outofstock
781369,5901691957114,0,outofstock
787962,5901691957756,0,outofstock
781370,5901691957121,0,outofstock
781371,5901691957138,0,outofstock
5902703,5901691958364,0,outofstock
5902704,5901691958371,0,outofstock
5902705,5901691958388,0,outofstock
5907732,5901691958944,0,outofstock
5902706,5901691958395,0,outofstock
5902707,5901691958401,1,instock
5907733,5901691958951,0,outofstock
5907734,5901691958968,0,outofstock
5902708,5901691958241,0,outofstock
5902709,5901691958258,0,outofstock
5902710,5901691958265,5,instock
5908153,5901691958975,5,instock
5902711,5901691958272,0,outofstock
5902712,5901691958289,1,instock
5908154,5901691958982,0,outofstock
5908155,5901691958999,15,instock
5908769,5901691958791,0,outofstock
5908770,5901691958807,1,instock
5908766,5901691958814,1,instock
5908767,5901691958821,0,outofstock
5908768,5901691958838,1,instock
5912770,5901691959873,0,outofstock
5912771,5901691959880,0,outofstock
5912772,5901691959897,1,instock
5912773,5901691959903,0,outofstock
778058,,0,outofstock
5908251,5903067015824,15,instock
5908256,5903067015794,15,instock
5908254,5903067015817,15,instock
5908257,5903067015800,15,instock
777445,5903067009168,5,instock
777441,5903067009106,15,instock
777439,5903067009120,15,instock
777440,5903067009113,15,instock
777437,5903067009144,15,instock
5911853,5903067007683,15,instock
5911854,5903067007690,15,instock
5911855,5903067007713,15,instock
5907005,5903067004378,15,instock
5911861,5903067002336,5,instock
5905180,5903067015848,15,instock
5911859,5903067006785,15,instock
777469,5903067009045,15,instock
777466,5903067009038,15,instock
5905179,5903067015831,15,instock
5908377,5903067004361,15,instock
5911858,5903067006525,5,instock
5911850,5903067007553,5,instock
5911851,5903067007560,15,instock
5911852,5903067007577,5,instock
790432,5903067017477,1,instock
790428,5903067017354,15,instock
778024,5903067006181,1,instock
790409,5903067014278,5,instock
790410,5903067009090,5,instock
790430,5903067017453,1,instock
5911856,5903067006549,5,instock
5907540,5903067004293,5,instock
790426,5903067017293,5,instock
5905260,5903067015275,15,instock
5911860,5903067018115,5,instock
5910366,5903067007461,0,outofstock
5911848,5903067007584,15,instock
5911847,5903067007591,15,instock
5911849,5903067007614,15,instock
5910365,5903067007454,15,instock
790418,5903067017132,15,instock
790416,5903067017125,15,instock
5914054,5903067007096,15,instock
5910367,5903067007478,15,instock
777414,5903067009236,15,instock
777415,5903067009243,15,instock
5903765,5903067015367,15,instock
777416,5903067009267,15,instock
790417,5903067017156,15,instock
5907001,5903067004392,5,instock
5911509,5903067006532,15,instock
790415,5903067017149,15,instock
5907004,5903067004385,1,instock
777434,5903067009304,15,instock
777436,5903067009281,15,instock
777435,5903067009298,15,instock
777432,5903067009328,5,instock
790442,5903067010652,5,instock
5910368,5903067007485,5,instock
790414,5903067017095,15,instock
790412,5903067017088,5,instock
5910369,5903067007492,5,instock
5914055,5903067007119,15,instock
5910370,5903067007515,15,instock
790413,5903067017118,15,instock
5907000,5903067004439,5,instock
5911510,5903067006518,15,instock
790411,5903067017101,15,instock
5903733,5903067018047,15,instock
5903726,5903067018023,17,instock
5903730,5903067018030,15,instock
5903737,5903067018016,15,instock
777413,5903067009397,15,instock
5903764,5903067015299,15,instock
777410,5903067009410,15,instock
777405,5903067009342,15,instock
777406,5903067009359,15,instock
5903763,5903067015282,15,instock
777407,5903067009373,15,instock
5908571,5903067010904,0,outofstock
5911635,5903067007522,15,instock
5911636,5903067007539,15,instock
5911637,5903067007546,15,instock
5907003,5903067004415,15,instock
777429,5903067009533,15,instock
777430,5903067009526,15,instock
777431,5903067009519,15,instock
777427,5903067009557,15,instock
777426,5903067009458,15,instock
777423,5903067009472,15,instock
777425,5903067009465,15,instock
777422,5903067009496,15,instock
5910371,5903067007720,15,instock
790424,5903067017170,15,instock
790421,5903067017163,15,instock
5910372,5903067007737,15,instock
5914056,5903067007126,15,instock
5910373,5903067007744,15,instock
790423,5903067017194,5,instock
5907002,5903067004446,1,instock
5911511,5903067006501,15,instock
790420,5903067017187,15,instock
777421,5903067009571,15,instock
782586,5903067015343,15,instock
777420,5903067009588,5,instock
777418,5903067009618,15,instock
789392,5903067016982,5,instock
5913601,5903067008444,1,instock
5913599,5903067004491,1,instock
5913600,5903067004514,1,instock
5913602,5903067004521,1,instock
5913598,5903067008451,1,instock
5913608,5903067008475,5,instock
5913609,5903067008482,5,instock
5913607,5903067008499,5,instock
5913603,5903067008468,5,instock
5913597,5903067004866,1,instock
5913604,5903067004583,5,instock
5913605,5903067004590,1,instock
5913606,5903067004613,1,instock
5909275,5903067005252,15,instock
5909274,5903067005245,15,instock
5910363,5903067005238,15,instock
5910364,5903067005214,15,instock
5909276,5903067005184,15,instock
5910362,5903067005191,15,instock
5911857,5903067006563,15,instock
778922,5903067013318,1,instock
5903827,5903067015930,15,instock
5911629,5903067007652,5,instock
5903826,5903067015916,15,instock
5911630,5903067007669,15,instock
5911631,5903067007676,5,instock
5903825,5903067015923,15,instock
5903824,5903067015909,5,instock
777465,5903067009694,15,instock
777464,5903067009700,15,instock
777463,5903067009717,1,instock
777461,5903067009731,15,instock
777458,5903067009656,15,instock
777460,5903067009632,15,instock
777459,5903067009649,15,instock
777456,5903067009670,15,instock
778923,5903067013295,15,instock
5911632,5903067007621,15,instock
5911633,5903067007638,15,instock
5911634,5903067007645,15,instock
777455,5903067009823,15,instock
777453,5903067009847,15,instock
777454,5903067009830,15,instock
777450,5903067009861,15,instock
5911505,5903067015701,15,instock
5911506,5903067015688,1,instock
5911507,5903067015695,15,instock
5907007,5903067004484,1,instock
777451,5903067009755,15,instock
777449,5903067009762,15,instock
777448,5903067009779,15,instock
777446,5903067009793,15,instock
5911864,5903067009076,15,instock
5911862,5903067009052,15,instock
5911863,5903067009069,15,instock
5911865,5903067009083,15,instock
5909403,5060666871258,0,outofstock
5909399,5060666871265,0,outofstock
5913868,5060666872361,15,instock
5913867,5060666872378,15,instock
5913866,5060666872385,15,instock
5909394,5060666871272,5,instock
5909393,5060666871289,5,instock
5913869,5060666872354,5,instock
5909463,5060666871357,1,instock
5911952,5060666871371,1,instock
5909420,5060666871296,15,instock
5909409,5060666871302,15,instock
5909472,5060666871906,1,instock
5909471,5060666871579,0,outofstock
5909465,5060666871586,0,outofstock
5909464,5060666871593,0,outofstock
5909468,5060666871609,0,outofstock
5909467,5060666871616,0,outofstock
5909469,5060666871623,0,outofstock
5909470,5060666871630,0,outofstock
5907244,5060666871418,1,instock
5907243,5060666871562,0,outofstock
786549,6925338200547,5,instock
786551,6925338200554,5,instock
786427,6925338200561,24,instock
786436,6925338200714,0,outofstock
786562,6925338200721,0,outofstock
786434,6925338200738,1,instock
789134,5060666870169,0,outofstock
789133,5060666870152,0,outofstock
787216,6925338200981,1,instock
786556,6925338201087,0,outofstock
786559,6925338201094,5,instock
786560,6925338201117,5,instock
786554,5060666870213,1,instock
786552,5060666870329,5,instock
786429,5060666870336,15,instock
5908840,5060666870350,0,outofstock
789135,5060666870381,0,outofstock
5908841,5060666870411,0,outofstock
786433,5060666870428,19,instock
786563,5060666870466,1,instock
786564,5060666870473,0,outofstock
787210,5060666870534,1,instock
788780,5060666870541,1,instock
787213,5060666870565,0,outofstock
787211,5060666870572,1,instock
786424,5060666870589,15,instock
786425,5060666870596,0,outofstock
786426,5060666870626,0,outofstock
786555,5060666870633,0,outofstock
786557,5060666870640,1,instock
786558,5060666870664,0,outofstock
786435,5060666870916,0,outofstock
788766,6925338200905,0,outofstock
791410,6925338201179,1,instock
791409,6925338201186,1,instock
791411,6925338201193,1,instock
5907245,5060666871401,0,outofstock
5914396,5902696007033,1,instock
5914397,5902696007064,1,instock
5913748,5902696007156,0,outofstock
773519,5902696003028,1,instock
781973,5902696000072,15,instock
778170,5902696001208,15,instock
781328,5902696910005,15,instock
773520,4710953421734,15,instock
788740,5907720776497,0,outofstock
779657,5907720776411,5,instock
781969,5907720776473,0,outofstock
5911349,5905490810014,1,instock
5911350,5905490810021,1,instock
5912148,5905490810076,1,instock
5911658,5905279336377,15,instock
5910633,5905279336322,5,instock
5906940,5905279336247,1,instock
5910980,5905279336339,5,instock
761924,5905279336001,1,instock
5911659,5905279336360,1,instock
761923,5999880412049,1,instock
12165,5999880412025,1,instock
5913628,5999880412087,15,instock
5911347,5905279336131,1,instock
5903449,5905279336230,5,instock
5911348,5905279336292,1,instock
5913354,5999880412070,15,instock
778488,5905279336155,15,instock
5912275,047406177660,1,instock
5912274,047406178094,0,outofstock
5912272,047406178513,0,outofstock
5912271,047406178575,0,outofstock
5912269,047406178414,0,outofstock
5912268,047406180721,0,outofstock
5912270,047406185245,0,outofstock
5912273,047406187492,0,outofstock
781394,5902675061773,1,instock
20609,5902675030182,1,instock
785316,5902675061377,1,instock
787504,5902675067171,1,instock
778522,5902675060783,1,instock
780400,5902675060851,1,instock
780401,5902675060868,1,instock
780402,5902675060875,1,instock
780403,5902675060882,1,instock
790482,5902675071031,1,instock
790483,5902675071772,1,instock
765817,5902675045605,0,outofstock
764137,5902675045551,1,instock
767677,5902675045568,0,outofstock
767679,5902675045575,0,outofstock
779096,5902675061513,1,instock
779092,5902675061582,1,instock
780352,5902675061322,1,instock
780350,5902675061339,1,instock
780353,5902675061346,1,instock
776034,5902675057189,1,instock
5904032,,1,instock
785574,,1,instock
777257,5902675059244,1,instock
789171,5902675069120,1,instock
789166,5902675069083,1,instock
789167,5902675069076,1,instock
789170,5902675069113,1,instock
780398,5902675060912,1,instock
784772,5902675065412,1,instock
770577,5902675030199,0,outofstock
773094,5902675053082,1,instock
767559,5902675000536,15,instock
768208,5902675002011,1,instock
768232,5902675019668,1,instock
771260,5902675018333,0,outofstock
771259,5902675041881,1,instock
772076,5902675050449,0,outofstock
763277,5902675018357,1,instock
24943,5902675039048,1,instock
25190,5902675039208,1,instock
10458,5902675043458,1,instock
761388,,15,instock
648,5905127011104,15,instock
783597,5902675060769,1,instock
785323,5902675067881,0,outofstock
786270,5902675025621,0,outofstock
765574,5902675025652,0,outofstock
17185,5902675040501,0,outofstock
17186,5902675040518,0,outofstock
769399,5902675040778,1,instock
775797,5902675054645,1,instock
769403,5902675066785,15,instock
784431,5902675066235,5,instock
765584,5902675004114,1,instock
760229,5902675023450,1,instock
765816,5902675023467,1,instock
768259,5902675050494,1,instock
765619,5902675002325,1,instock
765620,5902675002264,5,instock
9303,5902675001083,1,instock
5911941,5902675083829,1,instock
787374,5902675067942,5,instock
765615,5902675039239,1,instock
765616,5902675039406,1,instock
779010,5902675061759,15,instock
779081,5902675061766,1,instock
767727,5902675021425,1,instock
767728,5902675050524,1,instock
23593,5902675043540,1,instock
767730,5902675050531,1,instock
9455,5902675040679,5,instock
9067,5902675040655,5,instock
765590,5902675040662,5,instock
5420,5902675040648,15,instock
11629,5902675001694,5,instock
766468,5902675001700,15,instock
786463,5902675067393,1,instock
763349,5902675040686,5,instock
21628,5902675001915,15,instock
1732,5902675040693,0,outofstock
15305,5902675001311,15,instock
765618,5902675001908,1,instock
767712,5902675050548,1,instock
19304,5902675034371,1,instock
5905275,5902675072427,1,instock
785333,5902675066952,1,instock
785335,5902675066976,1,instock
769707,5902675061858,1,instock
785336,5902675066815,1,instock
765756,5902675061865,1,instock
765760,5902675061872,1,instock
765757,5902675061889,0,outofstock
765758,5902675061896,0,outofstock
771953,5902675055390,0,outofstock
766071,5902675060509,1,instock
765824,5902675060714,0,outofstock
785337,5902675067010,0,outofstock
25193,5902675039505,1,instock
763818,5902675043267,1,instock
2706,5902675024440,15,instock
785861,5902675067782,1,instock
778535,5902675060370,1,instock
778537,5902675060387,15,instock
778538,5902675060394,0,outofstock
778540,5902675060400,0,outofstock
778541,5902675060417,1,instock
778542,5902675060424,1,instock
773526,5902675055932,1,instock
780488,5902675062169,1,instock
787262,5902675067195,0,outofstock
769080,5902675050555,0,outofstock
769081,5902675050852,0,outofstock
760376,5902675040624,0,outofstock
767686,5902675030397,0,outofstock
765536,5902675020145,0,outofstock
765746,5902675000314,1,instock
783589,5902675020046,1,instock
765531,5902675020053,5,instock
765622,5902675020060,0,outofstock
765539,5902675020114,1,instock
765530,5902675020107,15,instock
765535,5902675040211,1,instock
765534,5902675020084,0,outofstock
765628,5902675000024,5,instock
765630,5902675020152,1,instock
765629,5902675020169,1,instock
765633,5902675020251,1,instock
785346,5902675020176,0,outofstock
787261,5902675020237,1,instock
765631,5902675020220,1,instock
765636,5902675020213,1,instock
765626,5902675043731,1,instock
765637,5902675020190,0,outofstock
769079,5902675050562,5,instock
781437,5902675050869,1,instock
766076,5902675040631,1,instock
760261,5902675030403,5,instock
765643,5902675000901,15,instock
768059,5902675020268,5,instock
765549,5902675020275,5,instock
765550,5902675020381,5,instock
769486,5902675020336,5,instock
765639,5902675020350,1,instock
765641,5902675020343,5,instock
765548,5902675043762,5,instock
765552,5902675020299,5,instock
765555,5902675000321,1,instock
765647,5902675020404,1,instock
765646,5902675020510,1,instock
787516,5902675020466,0,outofstock
765648,5902675020411,0,outofstock
765649,5902675020503,1,instock
765644,5902675020480,1,instock
785576,5902675020473,1,instock
765650,5902675043786,1,instock
765652,5902675020428,1,instock
787513,5902675062602,1,instock
5903949,5902675073400,0,outofstock
5903948,5902675073394,5,instock
787375,5902675062619,1,instock
779082,5902675061988,0,outofstock
779084,5902675062008,0,outofstock
779085,5902675062015,0,outofstock
779087,5902675062039,1,instock
779088,5902675062046,0,outofstock
779089,5902675062053,1,instock
779090,5902675062060,1,instock
779091,5902675062077,1,instock
780485,5902675062640,0,outofstock
780486,5902675062657,0,outofstock
776425,5902675058360,0,outofstock
776426,5902675058377,0,outofstock
767262,5902675003568,0,outofstock
766452,5902675019798,0,outofstock
769706,5902675050289,0,outofstock
766454,5902675019774,1,instock
765542,5902675003551,1,instock
787517,5902675066983,1,instock
765544,5902675019750,0,outofstock
765543,5902675019743,1,instock
765547,5902675050272,0,outofstock
15214,5902675067096,1,instock
776423,5902675058346,0,outofstock
5903946,5902675073622,1,instock
776424,5902675058353,0,outofstock
787518,5902675067089,0,outofstock
767201,5902675040556,1,instock
765554,5902675050296,1,instock
765557,5902675040570,0,outofstock
767670,5902675081382,1,instock
765556,5902675040600,0,outofstock
767669,5902675050302,1,instock
777160,5902675058216,1,instock
777165,5902675058254,1,instock
791128,5902675070454,1,instock
400,5907556800144,15,instock
4122,5907556800236,0,outofstock
401,5907556800137,15,instock
4372,5907556800229,15,instock
1657,5907556800021,0,outofstock
5054,5907556800212,0,outofstock
6743,5900516601546,0,outofstock
5912494,5900516605339,1,instock
5912495,5900516605322,5,instock
21355,5900516402242,15,instock
1687,5900516601270,15,instock
1068,5900516402341,15,instock
10946,5900516402358,15,instock
5912756,7290135001512,0,outofstock
5912757,7290135001529,0,outofstock
5912755,7290135001536,1,instock
5912764,7290135006500,0,outofstock
5912765,7290135006517,1,instock
5912754,7290135001055,5,instock
5912763,7290135006012,0,outofstock
5912761,7290135006029,1,instock
5912762,7290135006036,1,instock
5912760,7290135006050,1,instock
5912759,7290135006074,0,outofstock
5912758,7290135001550,0,outofstock
5912128,,1,instock
5912129,,0,outofstock
5912130,,1,instock
5909429,,1,instock
5909427,,1,instock
5909428,,1,instock
31042,6942138970920,0,outofstock
5909458,,0,outofstock
5909459,,1,instock
5909521,6941607320280,1,instock
5909520,6941607320273,1,instock
5912021,6941607368435,0,outofstock
5909434,6941607347577,0,outofstock
5912608,6941607312414,0,outofstock
5912609,6941607312438,0,outofstock
5904873,6941607326008,0,outofstock
5909519,,0,outofstock
5904871,6941607327807,0,outofstock
5909514,6941607324950,0,outofstock
5909515,,0,outofstock
5904867,6942138967661,0,outofstock
5909516,6942138949803,0,outofstock
5905043,6942138970951,0,outofstock
5909437,,0,outofstock
5909449,,0,outofstock
5909450,,1,instock
5912127,6941607368534,1,instock
5912607,6941607312407,0,outofstock
5912605,6941607312209,0,outofstock
5909518,6941607312216,0,outofstock
5912606,6941607312223,0,outofstock
5904870,6941607312230,1,instock
5912020,6941607368602,0,outofstock
5912126,6941607368619,0,outofstock
5909455,,1,instock
5912125,6942138900170,0,outofstock
5909442,6942138967784,1,instock
5912137,,0,outofstock
5912136,,0,outofstock
5912124,,0,outofstock
5912123,,0,outofstock
5912122,6941607325612,0,outofstock
5912121,6941607331729,0,outofstock
5912119,6941607352069,0,outofstock
5912118,6941607367919,0,outofstock
5909444,,1,instock
5909446,,1,instock
5909445,,1,instock
5909448,,1,instock
5909447,6942138967753,0,outofstock
5912116,6941607367575,0,outofstock
5904872,6941607325032,0,outofstock
5909451,6942138982084,0,outofstock
5904879,6942138982473,1,instock
5912651,6942138961959,1,instock
5909452,6942138981964,0,outofstock
5912135,6941607352212,0,outofstock
5912134,6941607352229,0,outofstock
5912117,6941607368299,0,outofstock
5912650,6942138968125,0,outofstock
5912604,6941607352120,0,outofstock
5912603,6941607368442,0,outofstock
5912019,6941607347805,0,outofstock
778597,5713795010202,15,instock
787921,5713795010530,15,instock
779987,5713795010196,15,instock
778082,5713795010370,1,instock
779985,5713795010264,15,instock
777672,5713795010363,0,outofstock
783524,5713795201907,5,instock
779911,5713795201082,0,outofstock
789129,5713795230433,5,instock
789946,5713795236954,15,instock
782583,5713795194698,5,instock
788749,5713795194797,1,instock
783207,5713795105281,0,outofstock
5907246,5713795105946,15,instock
783208,5713795201167,15,instock
782859,5713795198542,15,instock
783206,5713795201198,15,instock
783855,5713795215324,15,instock
784503,5713795221691,15,instock
5912095,5713795215157,15,instock
790405,5713795240425,1,instock
789128,5713795230440,0,outofstock
5910869,5713795248476,0,outofstock
789003,5713795228942,1,instock
789008,5713795229048,0,outofstock
790395,5713795240272,1,instock
790400,5713795240074,0,outofstock
790406,5713795240432,5,instock
789017,5713795228973,0,outofstock
791271,5713795220908,0,outofstock
791278,5713795238620,1,instock
5910848,5713795249077,5,instock
5910849,5713795248957,1,instock
764086,5904913543560,1,instock
22983,5904903543464,1,instock
5235,5904913543270,1,instock
3835,5904913543010,1,instock
784,5904913543416,1,instock
5906502,5907672342269,0,outofstock
5909181,5907672342276,0,outofstock
5906503,5907672342283,1,instock
5906504,5907672342290,1,instock
5906507,5907672342320,5,instock
5906515,5907672342344,0,outofstock
5910239,5907672345307,0,outofstock
5910240,5907672345314,1,instock
5910241,5907672345321,0,outofstock
5910242,5907672345338,0,outofstock
5910238,5907672345345,1,instock
5913025,5907672346427,0,outofstock
5913022,5907672346434,1,instock
5913024,5907672346441,1,instock
5913026,5907672346458,0,outofstock
5913021,5907672346465,1,instock
5913020,5907672346472,5,instock
5913023,5907672346489,1,instock
777939,5907672329949,0,outofstock
5906573,5907672342498,0,outofstock
5906572,5907672342504,15,instock
5906567,5907672342511,5,instock
5906565,5907672342566,1,instock
5914305,5907672345215,5,instock
5910234,5907672345222,1,instock
5910233,5907672345239,1,instock
5910235,5907672345246,5,instock
5910236,5907672345253,5,instock
5910237,5907672345260,5,instock
5910232,5907672345277,15,instock
5913158,5907672346496,5,instock
5913002,5907672346502,1,instock
5913001,5907672346519,15,instock
5912998,5907672346526,5,instock
5912999,5907672346533,1,instock
5913000,5907672346540,5,instock
5906517,5907672342597,1,instock
5906518,5907672342603,1,instock
5906520,5907672342627,1,instock
5910602,5907672345376,1,instock
5910603,5907672345383,1,instock
5910604,5907672345390,1,instock
5910605,5907672345406,1,instock
5910606,5907672345413,1,instock
5910607,5907672345420,1,instock
5912993,5907672346557,1,instock
5912996,5907672346564,5,instock
5912994,5907672346571,1,instock
5912992,5907672346588,1,instock
786694,5907672336886,1,instock
5907613,5907672341880,0,outofstock
5905817,5907672341903,0,outofstock
5905818,5907672341910,1,instock
5905819,5907672341927,0,outofstock
5905838,5907672341934,1,instock
5905834,5907672341958,1,instock
5910229,5907672345178,1,instock
5910230,5907672345185,1,instock
5910231,5907672345192,1,instock
5910329,5907672345208,5,instock
5913004,5907672346298,1,instock
5913006,5907672346304,1,instock
5913010,5907672346311,1,instock
5913009,5907672346328,1,instock
5913012,5907672346335,1,instock
5913011,5907672346342,1,instock
5905820,5907672341859,1,instock
5905089,5907672341743,5,instock
5905821,5907672341828,1,instock
5905822,5907672341774,5,instock
5905823,5907672341798,1,instock
5906694,5907672341811,0,outofstock
5905096,5907672341804,1,instock
5905824,5907672341729,0,outofstock
5910227,5907672345130,1,instock
5910330,5907672345147,0,outofstock
5910226,5907672345154,1,instock
5910228,5907672345161,1,instock
5913018,5907672346359,1,instock
5913016,5907672346366,1,instock
5913017,5907672346373,1,instock
5913013,5907672346380,1,instock
5913015,5907672346397,15,instock
5913019,5907672346403,1,instock
5913014,5907672346410,5,instock
5906698,5907672342764,0,outofstock
5910790,5907672345437,0,outofstock
5910791,5907672345444,0,outofstock
5910792,5907672345451,0,outofstock
5910793,5907672345468,0,outofstock
780862,5907672333038,5,instock
780863,5907672333045,15,instock
780865,5907672333052,1,instock
780866,5907672333069,0,outofstock
780867,5907672333076,0,outofstock
5907533,5907672342634,1,instock
5907531,5907672342658,1,instock
5907527,5907672342665,1,instock
5907526,5907672342702,0,outofstock
5910586,5907672345475,1,instock
5910786,5907672345482,0,outofstock
5910787,5907672345499,15,instock
5910794,5907672345505,1,instock
5910795,5907672345512,5,instock
5910796,5907672345529,1,instock
5913072,5907672346595,15,instock
5913067,5907672346601,0,outofstock
5913068,5907672346618,1,instock
5913071,5907672346625,1,instock
5913066,5907672346632,0,outofstock
5913070,5907672346649,15,instock
5913069,5907672346656,1,instock
5907523,5907672342368,0,outofstock
5908058,5907672342375,5,instock
5908059,5907672342382,0,outofstock
5907517,5907672342429,5,instock
5910431,5907672345536,0,outofstock
5910433,5907672345543,1,instock
5910435,5907672345550,1,instock
5910438,5907672345567,1,instock
5910440,5907672345574,5,instock
5910441,5907672345581,1,instock
5908554,5907672342825,0,outofstock
5907498,5907672342832,0,outofstock
5907495,5907672342856,1,instock
5907494,5907672342863,1,instock
5907500,5907672342870,1,instock
5907501,5907672342887,0,outofstock
5910695,5907672345352,1,instock
5910694,5907672345369,1,instock
5906379,5907672342177,0,outofstock
5906385,5907672342221,0,outofstock
5914302,5907672347509,0,outofstock
5906330,5907672341989,1,instock
5907614,5907672342016,1,instock
5906331,5907672342023,1,instock
5906327,5907672342030,1,instock
5906329,5907672342047,1,instock
5906332,5907672342061,15,instock
783684,5907672335728,1,instock
783685,5907672335759,0,outofstock
761122,5907672317656,15,instock
780777,5907672328959,1,instock
783416,5907672332062,0,outofstock
783417,5907672332079,1,instock
5906378,5907672347813,1,instock
5906375,5907672347844,1,instock
5906372,5907672347837,1,instock
5906374,5907672347820,1,instock
5914296,5907672347882,1,instock
5914295,5907672347899,0,outofstock
5914297,5907672347905,1,instock
5906380,5907672348025,0,outofstock
5906382,5907672348032,1,instock
5906383,5907672347943,1,instock
5906387,5907672347974,0,outofstock
5914299,5907672347981,0,outofstock
5914300,5907672348001,1,instock
5914301,5907672348018,1,instock
5911101,5908214736454,0,outofstock
5912074,5908214739998,0,outofstock
5912925,5908214739974,1,instock
5911521,5908214739967,1,instock
5912182,5908214739981,1,instock
5910775,5908214730032,1,instock
5911043,5908214730018,5,instock
5910774,5908214730001,1,instock
5910797,5908214730025,0,outofstock
5910778,5908214730476,0,outofstock
5910780,5908214730483,0,outofstock
5910781,5908214730490,0,outofstock
5910779,5908214730506,0,outofstock
5913353,,0,outofstock
5914371,,0,outofstock
5912882,5908214738885,0,outofstock
5912881,5908214738878,0,outofstock
5908385,5908214739677,5,instock
5908384,5908214739684,5,instock
5908386,5908214739691,15,instock
5908387,5908214739707,5,instock
5908123,5908214739288,0,outofstock
5908124,5908214739295,0,outofstock
5908122,5908214739271,0,outofstock
5908125,5908214739301,0,outofstock
5909642,5908214738397,0,outofstock
5909641,5908214738410,15,instock
5908127,5908214738427,1,instock
5908128,5908214738434,5,instock
5908126,5908214738441,1,instock
5912932,,0,outofstock
5912931,,0,outofstock
5908388,5908214738212,15,instock
5908389,5908214738229,0,outofstock
5908390,5908214738236,0,outofstock
5911827,5908214730186,15,instock
5911829,5908214730193,15,instock
5912924,5908214730209,15,instock
5911828,5908214730216,15,instock
5910776,5908214734368,1,instock
5910777,5908214734351,15,instock
5908393,5908214735594,0,outofstock
5908394,5908214736171,0,outofstock
5908396,5908214736140,1,instock
5911099,5908214736157,1,instock
5911100,5908214736164,5,instock
5908613,5908214738861,0,outofstock
5908616,5908214737956,1,instock
5908614,5908214737963,0,outofstock
5908615,5908214737970,0,outofstock
5911431,5908214730155,0,outofstock
5910782,5908214730308,15,instock
5910785,5908214730223,0,outofstock
5914283,,1,instock
5910784,5908214730230,1,instock
5910783,5908214730247,1,instock
791094,55350061263,1,instock
788273,50743651878,1,instock
791268,5055114297179,1,instock
785610,5056219066103,1,instock
785606,5056219065441,5,instock
772003,5903003142867,15,instock
769867,5900000028248,5,instock
779359,5900000078465,0,outofstock
370,5907645897000,14,instock
9880,5907645897017,15,instock
768220,5907645897253,0,outofstock
4646,5907645897024,0,outofstock
761967,5907645897031,0,outofstock
121,5907645897086,15,instock
327,5907645897093,5,instock
22620,,0,outofstock
10430,5907645897109,0,outofstock
1010,5907645897048,14,instock
3043,,0,outofstock
16382,5907645897116,0,outofstock
13419,5907645897055,15,instock
5905395,6922050211790,1,instock
5905393,6922050201074,1,instock
5905392,6922050300135,1,instock
5905390,6922050301019,1,instock
5905385,6922050600860,5,instock
5905383,6922280030802,1,instock
5905382,6922821000806,1,instock
5905381,69228201000804,1,instock
5905380,6922837070800,1,instock
5908776,5905692300153,0,outofstock
5908777,5905692300160,1,instock
5908778,5905692300177,5,instock
787985,6925783801368,1,instock
787986,6925783801375,0,outofstock
791456,6925783801382,0,outofstock
787987,6925783801405,0,outofstock
787988,6925783801818,1,instock
787989,6925783801825,0,outofstock
787990,6925783801832,1,instock
787991,6925783801849,1,instock
787993,6925783802174,0,outofstock
5904096,6925783802341,5,instock
787995,6925783802358,1,instock
789412,6925783802389,1,instock
789413,6925783802440,5,instock
5905349,6925783802518,5,instock
787998,6925783802778,0,outofstock
791002,6925783803041,1,instock
787999,6925783803362,1,instock
5905298,6925783804123,1,instock
5908263,6925783804147,0,outofstock
5903371,6925783804192,1,instock
788000,6925783804208,1,instock
788002,6925783804260,1,instock
791235,6925783805588,0,outofstock
788006,6925783805809,1,instock
791458,6925783805816,1,instock
788007,6925783807674,1,instock
5903372,6925783807902,1,instock
789420,6925783808459,1,instock
5904181,6925783808466,1,instock
788605,6925783808473,0,outofstock
5914771,6925783808480,5,instock
5904182,6925783808503,1,instock
789415,6925783808510,1,instock
5907985,6925783808527,5,instock
791459,6925783808770,1,instock
5905643,6925783810407,1,instock
791460,6925783810414,5,instock
791461,6925783810421,0,outofstock
791462,6925783810445,0,outofstock
791463,6925783810452,1,instock
791464,6925783810476,5,instock
791465,6925783810483,0,outofstock
791466,,0,outofstock
791468,6925783810988,1,instock
791469,6925783811084,0,outofstock
791470,6925783811305,1,instock
791471,6925783811312,1,instock
791472,6925783811329,1,instock
788009,6925783815891,1,instock
5907873,6925783819684,0,outofstock
5907874,6925783819691,0,outofstock
5907578,6925783819707,5,instock
5907579,6925783819714,1,instock
5907580,6925783819721,5,instock
5907581,6925783819738,5,instock
5907582,6925783819752,1,instock
5907583,6925783819769,1,instock
5907584,6925783819783,5,instock
5907875,6925783819790,1,instock
5907876,6925783819806,1,instock
5907585,6925783819813,1,instock
5907587,6925783819868,1,instock
5907588,6925783819875,0,outofstock
5907589,6925783819882,1,instock
5907591,6925783819905,5,instock
5907593,6925783819929,1,instock
5907596,6925783819950,1,instock
5907879,6925783819981,1,instock
5907880,6925783820062,1,instock
5907881,6925783820086,0,outofstock
5907604,6925783820147,5,instock
5907605,6925783820154,1,instock
5907606,6925783820284,1,instock
5907607,6925783820291,1,instock
5907608,6925783820611,1,instock
5907609,6925783822493,0,outofstock
5910939,6925783823148,1,instock
5910940,6925783823155,1,instock
5910941,6925783823193,5,instock
5910942,6925783823216,5,instock
5911116,6925783823858,0,outofstock
5910943,6925783823872,1,instock
5910944,6925783823902,1,instock
5910945,6925783823919,1,instock
5910946,6925783823933,0,outofstock
5910947,6925783823940,0,outofstock
5910948,6925783823957,0,outofstock
5905299,6925783823964,1,instock
5910949,6925783824008,0,outofstock
5910952,6925783824039,1,instock
5910953,6925783824046,1,instock
5910094,6925783824114,0,outofstock
5910095,6925783824121,1,instock
5910096,6925783824138,1,instock
5910102,6925783824145,5,instock
5910103,6925783824152,5,instock
5910104,6925783824169,1,instock
5910105,6925783824299,0,outofstock
5910958,6925783824367,5,instock
5910923,6925783824374,0,outofstock
5910924,6925783824602,1,instock
5910925,6925783824619,0,outofstock
5910926,6925783824626,0,outofstock
5913466,6925783825852,15,instock
5913467,6925783825869,5,instock
789421,6925783825982,0,outofstock
5913468,6925783826156,5,instock
5913469,6925783826163,1,instock
5912374,6925783826224,1,instock
5912375,6925783826231,1,instock
5912376,6925783826248,0,outofstock
5914129,6925783828181,0,outofstock
5914130,6925783828198,0,outofstock
5914131,6925783828204,5,instock
5914132,6925783828235,0,outofstock
5914133,6925783828242,0,outofstock
791237,6925783828747,1,instock
788010,6925783838401,1,instock
791254,6925783848103,0,outofstock
788012,6925783851349,1,instock
791474,6925783856849,1,instock
5912788,6925783858201,1,instock
5912373,6925783808497,1,instock
5913470,6925783826170,5,instock
5908729,5905692300313,1,instock
5908728,5905692300405,0,outofstock
5904734,5904316150532,5,instock
5904736,5904316150556,0,outofstock
5904739,5904316150587,5,instock
5904740,5904316150594,0,outofstock
5904742,5904316150624,1,instock
5904743,5904316150631,1,instock
5904744,5904316150648,0,outofstock
5908771,6944167100040,1,instock
5907504,6944167102266,0,outofstock
5908772,6944167102808,1,instock
791255,661148247520,0,outofstock
788345,661148283993,0,outofstock
788015,661148296528,0,outofstock
5905649,5905692300009,0,outofstock
5911151,5905692300016,0,outofstock
5905650,5905692300023,1,instock
5909693,5905692300337,1,instock
5910129,5905692300474,0,outofstock
5913789,5905692306001,1,instock
5913791,5905692306025,1,instock
5913801,5905692306049,1,instock
5913802,5905692306056,1,instock
5913803,5905692306070,1,instock
5913806,5905692306094,1,instock
5913808,5905692306117,1,instock
5914135,5905692306124,1,instock
5914136,5905692306131,1,instock
5914137,5905692306148,1,instock
5914138,5905692306155,1,instock
5913854,5905692306162,0,outofstock
5913855,5905692306179,1,instock
5913856,5905692306186,1,instock
5913857,5905692306193,1,instock
5913858,5905692306209,1,instock
5913859,5905692306216,0,outofstock
5913860,5905692306223,1,instock
5914095,5905692306230,0,outofstock
5914096,590569236247,1,instock
5914098,5905692306285,1,instock
5914099,5905692306308,1,instock
5913680,5905692306360,1,instock
5910130,5905692308005,1,instock
5910131,5905692308012,1,instock
5910621,5905692308036,1,instock
5911217,5905692308067,5,instock
5911118,5905692308074,1,instock
5911218,5905692308104,5,instock
5911661,5905692308128,1,instock
5913062,5905692308173,0,outofstock
5913063,5905692308180,0,outofstock
5913047,5905692308197,15,instock
5913048,5905692308203,5,instock
5912846,5905692308234,0,outofstock
5913681,5905692308241,0,outofstock
5914100,5905692308258,0,outofstock
5912973,5905692308265,1,instock
5912974,5905692308272,0,outofstock
5912975,5905692308289,0,outofstock
5913861,5905692308296,1,instock
5914163,5905692308302,1,instock
5913064,5905692308319,1,instock
5914101,5905692308326,1,instock
5914102,5905692308333,1,instock
5914103,5905692308340,1,instock
5914104,5905692308357,5,instock
5912789,5905692308388,1,instock
5913223,5905692308401,15,instock
5913810,5905692308418,1,instock
5913472,5905692308425,1,instock
5913473,5905692308432,15,instock
5913862,5905692308449,5,instock
5913863,5905692308470,1,instock
5914285,5905692308562,0,outofstock
5914286,5905692308579,0,outofstock
5914287,5905692308586,0,outofstock
788016,661148318800,0,outofstock
788017,661148327307,5,instock
789653,672552089873,1,instock
790852,672552420775,0,outofstock
788026,672552423073,0,outofstock
788346,,1,instock
789335,672552424575,0,outofstock
791131,672552424605,1,instock
789684,672552426678,1,instock
789337,672552427279,0,outofstock
789338,672552427378,0,outofstock
790853,672552427477,1,instock
789685,672552427972,1,instock
788030,672552428207,1,instock
789686,672552428375,1,instock
788347,672552428573,0,outofstock
788032,672552429778,1,instock
5907193,672552430101,0,outofstock
788348,672552431801,0,outofstock
5905529,672552432808,5,instock
788034,672552433003,1,instock
5905530,672552433102,1,instock
788035,,1,instock
5911662,672552434208,1,instock
5913811,672552434505,5,instock
5905292,661148440082,1,instock
5910681,672552443408,0,outofstock
5905835,672552444771,1,instock
5905836,672552445372,0,outofstock
5905531,672552445679,1,instock
5911663,672552446973,0,outofstock
5911664,672552447079,0,outofstock
790855,672552451670,1,instock
5906541,672552451779,1,instock
790856,672552451908,0,outofstock
790857,672552452004,1,instock
5904732,672552454305,1,instock
5904733,672552454404,1,instock
790858,672552455302,0,outofstock
5905535,672552456309,0,outofstock
5905293,672552456606,1,instock
5905536,672552456903,0,outofstock
5910683,672552457177,0,outofstock
5910684,672552457207,1,instock
5906865,4897126750089,1,instock
5906866,4897126750096,1,instock
791539,5904316150235,0,outofstock
791540,5904316150242,0,outofstock
5905294,4897126750362,1,instock
5905296,4897126750386,5,instock
5904728,5904316150488,0,outofstock
5906870,4897126750966,1,instock
5906871,4897126750973,1,instock
5907376,4897126751161,0,outofstock
5907377,4897126751178,1,instock
5907738,661148535535,1,instock
5913175,4897126754902,0,outofstock
5913176,4897126754926,5,instock
5914289,4897126755022,0,outofstock
5914290,4897126755039,5,instock
5914288,4897126755046,0,outofstock
5914291,4897126755053,5,instock
5914292,4897126755060,0,outofstock
791207,4712417962357,1,instock
791208,4712417962364,1,instock
790918,5908288980050,0,outofstock
5913412,5908288983068,0,outofstock
5913413,5908288983075,0,outofstock
5913414,5908288983136,1,instock
791209,4897126750010,0,outofstock
791210,4897126750027,0,outofstock
791211,4897126750034,0,outofstock
5907507,4897126750164,0,outofstock
5903377,3760145060853,0,outofstock
5906542,5908288982276,1,instock
5907378,5908288982337,1,instock
5907380,5908288982719,1,instock
789660,5050841639414,1,instock
5914207,5905692300689,1,instock
5914208,5905692300696,1,instock
5903193,6943447104327,1,instock
5902717,6943447104334,1,instock
788072,755907190124,1,instock
788073,755907190131,5,instock
5903240,755907190179,0,outofstock
788081,755907190186,1,instock
788084,8711423921323,0,outofstock
5909695,5905692300412,5,instock
5909696,5905692300429,1,instock
5910614,5905692300436,0,outofstock
5910615,5905692300443,1,instock
5910616,5905692300450,0,outofstock
5910617,5905692300467,0,outofstock
5910618,5905692300498,5,instock
5910619,5905692300504,1,instock
5910626,5905692300511,1,instock
5910929,5905692300528,1,instock
5910930,5905692300535,1,instock
5910931,5905692300559,0,outofstock
5910932,5905692300566,0,outofstock
5910933,5905692300573,1,instock
5910934,5905692300580,1,instock
5910935,5905692300597,0,outofstock
5910936,5905692300603,5,instock
5912790,5905692300627,5,instock
5912791,5905692300634,5,instock
5912792,5905692300641,1,instock
5912793,5905692300658,0,outofstock
5912794,5905692300665,1,instock
5914206,5905692300672,5,instock
5914209,5905692300702,1,instock
5914210,5905692300719,1,instock
5914211,5905692300726,0,outofstock
5914212,5905692300733,0,outofstock
789264,8711423931322,0,outofstock
788352,5904316150075,0,outofstock
789265,8711427045391,0,outofstock
5903194,8711427045445,5,instock
5903195,8711427045452,1,instock
5912795,8711427045469,5,instock
5906548,8711427045476,0,outofstock
5903241,8711427045483,0,outofstock
5903242,8711427045490,1,instock
5903244,8711427045513,1,instock
5903245,8711427045520,1,instock
5903246,8711427045537,0,outofstock
5903247,8711427045544,0,outofstock
5903248,8711427045551,5,instock
5903249,8711427045568,5,instock
5903250,8711427045575,1,instock
5903251,8711427045582,0,outofstock
789215,5904316150099,1,instock
789216,5904316150105,0,outofstock
789217,5904316150112,0,outofstock
788354,5904316150129,0,outofstock
788355,5904316150136,0,outofstock
788356,5904316150143,0,outofstock
788360,,1,instock
789268,5904316150174,1,instock
789269,5904316150181,1,instock
789270,5904316150198,1,instock
789271,5904316150204,0,outofstock
788358,5904316150228,1,instock
5908261,5904316150273,0,outofstock
5907430,5904316150358,1,instock
5907432,5904316150778,1,instock
5907433,5904316150785,1,instock
5907434,5904316150792,1,instock
5908262,8711777154958,0,outofstock
789272,8711423958305,1,instock
788091,8711423958367,0,outofstock
788092,8711423958374,1,instock
789273,8711423958381,0,outofstock
788361,8711423958404,1,instock
788887,8711423958411,1,instock
788094,8711423958428,1,instock
788888,8711423958480,1,instock
5904356,650311064224,5,instock
5904357,650311064231,1,instock
5907435,5904316150808,5,instock
5912849,194689104989,5,instock
5912851,194689201022,1,instock
5912852,194689201114,5,instock
5912853,194689204351,1,instock
5912854,194689204658,5,instock
5912855,194689204894,1,instock
5912856,194689402771,5,instock
5913034,,1,instock
5912858,194689403983,0,outofstock
5912859,194689404492,0,outofstock
5912860,194689405154,1,instock
5912861,194689406052,1,instock
5912862,194689406953,5,instock
5912863,194689407974,0,outofstock
5912867,194689429693,0,outofstock
5912868,194689429730,1,instock
5912869,194689454732,0,outofstock
5912870,8463760454797,0,outofstock
5912871,8463760456104,1,instock
5912872,194689459072,1,instock
5912873,194689609163,0,outofstock
5913864,194689451755,5,instock
5912848,5905692301358,0,outofstock
5908775,5905692300351,1,instock
5910620,5905692301006,1,instock
5909929,5905692301013,1,instock
5909931,5905692301037,0,outofstock
5910627,5905692301044,0,outofstock
5910628,5905692301051,0,outofstock
5910629,5905692301068,1,instock
5910630,5905692301075,1,instock
5910631,5905692301082,0,outofstock
5910632,5905692301099,1,instock
5910937,5905692301105,0,outofstock
5909932,5905692301112,0,outofstock
5909882,5905692301129,1,instock
5909883,5905692301136,0,outofstock
5909884,5905692301143,15,instock
5910112,5905692301150,0,outofstock
5910113,5905692301167,1,instock
5909885,5905692301174,0,outofstock
5909886,5905692301181,0,outofstock
5911119,5905692301198,5,instock
5911120,5905692301204,1,instock
5910770,5905692301211,0,outofstock
5910771,5905692301235,0,outofstock
5910772,5905692301242,1,instock
5910938,5905692301259,1,instock
5910773,5905692301266,1,instock
5911113,5905692301273,0,outofstock
5910920,5905692301297,0,outofstock
5910921,5905692301303,1,instock
5912053,5905692301310,0,outofstock
5911660,5905692301327,1,instock
5912054,5905692301334,1,instock
5912847,5905692301341,0,outofstock
5913065,5905692301365,0,outofstock
5912977,5905692301389,1,instock
5912978,5905692301396,0,outofstock
5914105,5905692301402,0,outofstock
5906547,5904316150693,0,outofstock
5906552,5904316150709,1,instock
5905739,5904316150716,1,instock
5905740,5904316150723,0,outofstock
5905743,5904316150754,0,outofstock
5914764,5906724200007,1,instock
778481,5906724206894,1,instock
788366,,1,instock
24953,5901750297250,0,outofstock
5914767,5905683801768,1,instock
5914766,5905683801966,1,instock
772081,,0,outofstock
5914762,5905683801829,1,instock
5914768,5905683802093,1,instock
5914769,5905683802116,1,instock
5914770,5905683802437,0,outofstock
5914932,5905683802239,1,instock
5911361,5905683801065,0,outofstock
5914304,5905683801089,0,outofstock
5914930,5905683802277,1,instock
5914931,5905683802307,1,instock
5914760,5905683802314,1,instock
5902863,5906724206559,0,outofstock
790723,5906724206566,0,outofstock
5905056,5906724206542,0,outofstock
5914765,5905683801997,0,outofstock
5912304,,0,outofstock
5912171,5908214739530,1,instock
5912951,,1,instock
5912926,,1,instock
5912169,5908214739547,1,instock
5912368,,0,outofstock
5913906,,1,instock
5913905,,1,instock
5913903,,1,instock
5913904,,1,instock
5911219,5908214739578,0,outofstock
5910705,5908214739592,1,instock
5911042,,0,outofstock
5911247,,0,outofstock
5912720,,1,instock
5911345,,1,instock
5914458,,1,instock
5914457,,0,outofstock
5909894,,0,outofstock
5909201,5908214739899,0,outofstock
5909300,,5,instock
5909620,,1,instock
5909627,,0,outofstock
5912366,,1,instock
5912364,,1,instock
5912365,,0,outofstock
5912363,,1,instock
5908639,5908214739417,1,instock
5908640,5908214739400,0,outofstock
5908638,5908214739431,5,instock
5912361,,5,instock
5912357,5908214730742,1,instock
5912358,5908214730773,1,instock
5912359,5908214730766,0,outofstock
5912039,5908214730407,1,instock
5912036,5908214730391,1,instock
5912038,5908214730414,1,instock
5912037,5908214730421,5,instock
5910788,,0,outofstock
5910789,,0,outofstock
5913029,,1,instock
5913028,,5,instock
5913027,,5,instock
5913030,5907573550114,0,outofstock
5912928,,1,instock
5912927,5908214730353,1,instock
5912930,,1,instock
5912929,,15,instock
782926,,0,outofstock
5908483,5908214739752,1,instock
5908484,5908214739769,1,instock
776448,5908214739776,15,instock
5908482,5908214739783,0,outofstock
5909796,,0,outofstock
5909567,,1,instock
5910243,,0,outofstock
5909874,,0,outofstock
5911235,,1,instock
5905374,,1,instock
5905375,,0,outofstock
5905376,,0,outofstock
782319,,0,outofstock
782322,,0,outofstock
5905373,,0,outofstock
5908585,5908214738663,0,outofstock
5908584,5908214738670,0,outofstock
5908582,5908214738687,0,outofstock
5908581,5908214738694,0,outofstock
5908583,5908214738700,0,outofstock
5908132,5908214739714,1,instock
5908130,5908214739721,15,instock
5908129,5908214739738,14,instock
5908131,5908214739745,0,outofstock
5904724,5908214738342,1,instock
5904723,5908214738359,1,instock
5904722,5908214738366,1,instock
5904721,5908214738373,1,instock
5904720,5908214738380,1,instock
775300,,1,instock
782316,,1,instock
789852,,0,outofstock
789853,,1,instock
789851,,0,outofstock
789850,,0,outofstock
772852,,1,instock
782190,,0,outofstock
782189,,0,outofstock
5913419,3016202056124,0,outofstock
5913431,3016200000938,1,instock
5913432,3016200000945,0,outofstock
5913420,3016200000952,1,instock
5913418,3016200007005,1,instock
5913422,3016200007012,0,outofstock
5913415,3016200000655,1,instock
5913421,3016200000662,1,instock
7879,5902686306146,0,outofstock
25599,5907572370317,1,instock
23279,5907572370737,0,outofstock
22191,5902686300342,0,outofstock
768249,5902686308423,1,instock
770043,5902686306610,0,outofstock
771085,5902686306658,1,instock
23284,5902686309628,0,outofstock
769712,5902686306702,1,instock
23262,5902686304562,0,outofstock
2168,5902686304579,38,instock
770047,5902686304722,1,instock
23912,5902686300533,0,outofstock
5905212,5902686314561,1,instock
5905213,5902686314585,1,instock
5905211,5902686314707,1,instock
5905214,5902686314578,1,instock
778109,,1,instock
23267,5907572374476,5,instock
23268,5907572374483,5,instock
23269,5902686302339,1,instock
23271,5902686302353,0,outofstock
770977,5902686309154,1,instock
23273,5902686302391,1,instock
760317,5907572378269,1,instock
772442,5902686309284,1,instock
760318,5902686305996,0,outofstock
5911767,5908273000039,0,outofstock
5911951,5904754603973,0,outofstock
5911768,5904754604383,0,outofstock
5911766,5908273000022,1,instock
5911765,5908273000015,1,instock
5911764,5908273000107,0,outofstock
5911893,5908273000411,0,outofstock
5911892,5908273000428,0,outofstock
5911763,5904754609104,0,outofstock
5911762,5904754609111,0,outofstock
5911761,5904754609128,0,outofstock
5911891,5908273000206,5,instock
5911890,5908273000213,1,instock
5911756,5904754603249,15,instock
5911757,5904754603270,1,instock
5911758,5904754603294,15,instock
5911737,5904754603539,15,instock
5911747,5904754603546,15,instock
5911748,5904754603553,5,instock
5911754,5904754608282,15,instock
5911755,5904754608299,1,instock
5911751,5904754608305,0,outofstock
5911752,5904754608312,0,outofstock
5911749,5904754608329,15,instock
5911750,5904754608336,0,outofstock
5911753,5904754608343,0,outofstock
5911759,5908273097886,0,outofstock
5911760,5908273097893,0,outofstock
5913121,5060624774249,5,instock
5908749,5060624773198,15,instock
5911649,5060624774225,5,instock
5908750,5060624773181,15,instock
5908751,5060624773433,5,instock
5908752,5060624773303,1,instock
5911152,5060624772689,0,outofstock
5908753,5060624772351,0,outofstock
5909545,5060624773556,0,outofstock
5909546,5060624773273,0,outofstock
5909547,5060624773563,0,outofstock
5909026,5060624773389,5,instock
5909692,5060624773174,15,instock
5909027,5060624773730,15,instock
5911153,5060624773402,5,instock
5909028,5060624773167,5,instock
5909548,5060624773211,0,outofstock
5909549,5060624773150,0,outofstock
5909550,5060624773525,1,instock
5909551,5060624773457,1,instock
5909552,5060624772610,1,instock
5909709,5060624773440,0,outofstock
5909553,5060624773877,1,instock
5909554,5060624772627,1,instock
5909555,5060624773662,1,instock
5909710,5060624773846,0,outofstock
5909556,5060624773587,0,outofstock
791191,,1,instock
786052,6927154367084,1,instock
786053,6927154368081,1,instock
785366,6927159758085,0,outofstock
785650,,1,instock
786407,6927160822089,15,instock
791175,6927162944086,1,instock
785004,6927163034083,1,instock
785005,6927163037084,1,instock
785011,6927163070081,1,instock
791188,6927169554080,0,outofstock
788997,,15,instock
788998,6927174355085,0,outofstock
783185,,1,instock
782183,5903317816584,0,outofstock
782659,5903317816560,0,outofstock
785821,5904405021156,0,outofstock
785820,5904405021163,0,outofstock
5906713,5904405021477,5,instock
5906304,5904405021439,0,outofstock
5914340,5906630333783,5,instock
5914333,5906630333790,5,instock
5906322,5904405021897,1,instock
5906321,5904405021903,1,instock
5906324,5904405021927,1,instock
5913951,5901803993290,15,instock
5913954,5901803993306,15,instock
5913953,5901803993313,15,instock
5913952,5901803993351,0,outofstock
5906314,5904405021811,15,instock
784433,5903317816737,1,instock
5910399,5904405021699,0,outofstock
5910993,5904405021682,0,outofstock
5910994,5904405021675,1,instock
5907947,5904405021972,1,instock
5914338,5906630333585,1,instock
5914339,5906630333592,0,outofstock
5907365,5904405021859,1,instock
5909008,5906630333059,1,instock
5909584,5904405021873,1,instock
5909583,5906630333363,5,instock
5912396,5906630333981,5,instock
5912398,5906630333998,5,instock
5912397,5906630333967,1,instock
5912399,5906630333974,0,outofstock
5912536,5906630333936,1,instock
5912537,5906630333943,1,instock
5914336,5906630333608,1,instock
5914337,5904405021989,1,instock
5907645,5904405021750,0,outofstock
5912109,5906630333950,1,instock
5909011,5906630333233,1,instock
5909012,5906630333240,1,instock
5909013,5906630333257,1,instock
5909014,5906630333264,1,instock
5909015,5906630333271,1,instock
5909017,5906630333325,1,instock
5909018,5906630333332,1,instock
5909020,5906630333356,1,instock
5907916,5904405021019,1,instock
5907917,5904405021026,0,outofstock
5905676,5904405021293,15,instock
784436,5903317816959,15,instock
784435,5903317816676,15,instock
5904111,5904405021569,0,outofstock
5908170,5904405021804,15,instock
5913896,5901803993146,15,instock
5913889,5901803993160,15,instock
5913885,5901803993153,15,instock
5914675,5901803993702,15,instock
5904113,5904405021552,15,instock
5904112,5904405021545,15,instock
5909022,5904405021521,0,outofstock
5909023,5904405021538,15,instock
5905206,5904405021781,15,instock
5905207,5904405021798,15,instock
5909021,5904405021934,0,outofstock
787006,5904405021200,0,outofstock
5907948,5904405021606,0,outofstock
5907949,5904405021576,15,instock
5913204,5906630333820,5,instock
5907950,5904405021583,15,instock
784036,,1,instock
784030,5903317816928,1,instock
784028,5903317816904,1,instock
788208,5904405021415,1,instock
782177,5903317816058,15,instock
783177,5903317816041,0,outofstock
24828,,0,outofstock
24827,5906197804603,0,outofstock
781326,5906197801701,0,outofstock
777738,5906197804702,0,outofstock
788909,5906197802678,0,outofstock
111122,5906197802661,1,instock
1833,5906197808618,0,outofstock
9654,5906197801619,0,outofstock
6055,5906197801626,1,instock
760242,5906197804719,0,outofstock
7532,5906197804610,0,outofstock
1796,5906197804627,5,instock
782371,6941057459240,5,instock
787200,5056219027746,15,instock
787201,5056219027753,1,instock
766301,4052396071733,0,outofstock
775238,4052396044874,5,instock
22177,4052396071764,5,instock
765692,4052396071740,5,instock
775232,,5,instock
790354,4052396048421,0,outofstock
779945,4052396071788,1,instock
768163,4052396071481,0,outofstock
17782,4052396058109,1,instock
774316,4052396045017,1,instock
773706,4052396045000,5,instock
5903819,4052396093131,1,instock
779943,4052396059229,5,instock
775237,4052396044898,1,instock
773705,4052396044881,1,instock
765417,4052396073331,1,instock
22321,4052396073393,0,outofstock
13011,4052396059021,0,outofstock
6607,4052396059052,0,outofstock
16430,4052396001525,0,outofstock
5904840,4052396092868,5,instock
5914620,4052396136166,0,outofstock
17739,4052396059281,1,instock
790021,4052396083200,0,outofstock
5911517,4052396117400,1,instock
790830,4052396080599,0,outofstock
5913095,4052396072693,0,outofstock
8487,4052396092882,5,instock
790833,4052396080544,1,instock
5913122,4052396127782,0,outofstock
775236,4052396045031,1,instock
773704,4052396045024,1,instock
5910863,4052396112634,0,outofstock
14615,4052396041330,15,instock
5914143,4052396071757,1,instock
5914622,4052396136180,0,outofstock
775243,4052396058024,1,instock
5904841,4052396092974,15,instock
5914621,4052396136173,5,instock
17779,4052396058383,0,outofstock
790022,4052396083255,0,outofstock
5911518,4052396117417,0,outofstock
779937,4052396073355,1,instock
791265,4052396080803,5,instock
781565,4052396072815,0,outofstock
21843,4052396092899,5,instock
5913123,4052396127799,15,instock
5903820,4052396093148,0,outofstock
5910864,4052396112641,1,instock
5904843,4052396092998,1,instock
5914623,4052396136197,1,instock
790023,4052396083293,0,outofstock
22454,4052396058055,0,outofstock
5911520,4052396117431,5,instock
790832,4052396080827,0,outofstock
781567,4052396072839,0,outofstock
773506,4052396093117,15,instock
775234,4052396080575,0,outofstock
5913125,4052396128819,5,instock
5913085,4052396093162,0,outofstock
775240,4052396044867,5,instock
5913423,4052396117394,5,instock
775244,4052396045741,15,instock
5912266,4052396081800,5,instock
790018,4052396083507,1,instock
5902748,4052396088076,5,instock
5902746,4052396088045,5,instock
5902747,4052396088069,15,instock
21139,4052396083163,1,instock
5908171,4052396058925,1,instock
768161,4052396058932,1,instock
768167,4052396073317,1,instock
791264,4052396080582,0,outofstock
766300,4052396071726,15,instock
5904842,4052396092981,1,instock
5902866,4052396083279,0,outofstock
11276,4052396059137,5,instock
5911519,4052396117424,5,instock
765419,4052396073379,5,instock
790831,4052396080810,5,instock
781566,4052396072822,1,instock
21141,4052396093100,5,instock
791266,4052396080568,1,instock
5913124,4052396128802,15,instock
5903821,4052396093155,0,outofstock
5910865,4052396112658,1,instock
790020,4052396083217,1,instock
5914934,5907378104529,15,instock
5914936,,15,instock
5914935,5907378104543,15,instock
5914937,,15,instock
5914944,5907378104536,15,instock
791562,5907501483859,1,instock
5914325,5907501494824,1,instock
5914326,5907378105779,0,outofstock
791310,5907501483866,1,instock
5914327,5907501488786,1,instock
5908967,5907501484511,1,instock
5911356,5907501498877,1,instock
5910593,5907501488793,1,instock
5913110,5907378105786,1,instock
5908968,5907501484528,1,instock
5910875,5907501433007,1,instock
5913918,5907378107711,1,instock
5913919,5907378107216,1,instock
5910876,5907501431065,1,instock
5912057,5907378101191,1,instock
5912059,5907378102266,1,instock
5912058,5907378101863,1,instock
5912056,5907378101450,1,instock
786573,5907501432727,1,instock
783111,,5,instock
5913925,,0,outofstock
5913928,,1,instock
5913926,,1,instock
5913927,,0,outofstock
5913929,,1,instock
5913930,5907378107650,1,instock
5913933,5907378107667,1,instock
5913931,5907378106110,1,instock
5913932,5907378107674,1,instock
5913934,5907378107681,1,instock
760454,5907803142997,1,instock
5913078,5907378104185,1,instock
5913079,5907378104352,1,instock
5914050,59073788107773,1,instock
5914051,5907378105892,1,instock
5912864,5907378107766,1,instock
5912866,5907378107742,1,instock
5912865,5907378107759,1,instock
5912569,5907378100996,1,instock
5912571,5907378102037,0,outofstock
5912570,5907378101634,1,instock
5912568,5907378101252,1,instock
5912573,5907378101023,0,outofstock
5912574,5907378102068,5,instock
5912575,5907378101665,5,instock
5912572,5907378101283,0,outofstock
5912162,5907501491144,5,instock
5912157,5907378101924,1,instock
5912156,5907378101528,5,instock
5913922,5907378101009,1,instock
5913924,5907378102044,1,instock
5913923,5907378101641,1,instock
5913921,5907378101269,0,outofstock
5912576,5907501491427,1,instock
5912578,5907378102105,1,instock
5912577,5907378101702,1,instock
781012,,0,outofstock
5912158,5907501491151,5,instock
5912164,5907378101931,5,instock
5912163,5907378101535,5,instock
8885,5907803146230,15,instock
5911416,,1,instock
5911417,,1,instock
5911418,,0,outofstock
5913911,,1,instock
5914393,,1,instock
5911419,,0,outofstock
5911181,,1,instock
5911180,,1,instock
5911182,,1,instock
5914738,,1,instock
5911324,,0,outofstock
5911183,,1,instock
5911184,,1,instock
5911359,,1,instock
5911360,,1,instock
5912040,,1,instock
5607,5907501432949,1,instock
5913914,5907378107735,1,instock
5913915,5907378107209,1,instock
785750,5907501430860,1,instock
785752,5907501430884,1,instock
5913116,5907378100361,1,instock
5913119,5907378100408,1,instock
5913117,5907378106028,1,instock
5913118,5907378100392,1,instock
5913120,5907378100378,5,instock
787659,5907501435506,15,instock
5905139,5907501465015,1,instock
789108,5907501438484,1,instock
2566,5907803145042,1,instock
5911981,5907501491236,1,instock
5912061,5907501499843,1,instock
5912060,5907501499836,1,instock
5911982,5907501491373,1,instock
5912945,,0,outofstock
5912944,,0,outofstock
5914394,,0,outofstock
5911328,,1,instock
5911188,,5,instock
5911187,,1,instock
5911186,,1,instock
5914739,,1,instock
5911326,,1,instock
5911200,,1,instock
5911201,,0,outofstock
5912170,,1,instock
5912167,,1,instock
5912041,,1,instock
5911357,5907501498945,1,instock
5908970,5907501484658,5,instock
5910594,5907501488861,1,instock
5913112,5907378105830,1,instock
5908969,5907501484665,1,instock
5911978,,0,outofstock
5911976,,1,instock
5911977,,1,instock
5914395,,1,instock
5911980,,1,instock
5911979,,1,instock
5911329,,1,instock
5911190,,1,instock
5911189,,1,instock
5911185,,1,instock
5914740,,1,instock
5911327,,1,instock
5911179,,1,instock
5911178,,1,instock
5912172,,1,instock
5912168,,1,instock
5912042,,1,instock
5913916,5907378107704,0,outofstock
5913917,5907378107049,1,instock
3378,5907501430983,1,instock
5907392,5907501431003,1,instock
5913381,5907378106264,0,outofstock
5913382,5907378105656,0,outofstock
5913384,5907378106301,1,instock
5913383,5907378106295,1,instock
5914613,5907501491175,1,instock
5914616,5907378101955,1,instock
5914615,5907378101559,1,instock
5914612,5907501491311,1,instock
5913377,5907378105410,1,instock
5913380,5907378106585,1,instock
5913378,5907378105724,1,instock
5913379,5907378106578,1,instock
5914608,5907501491267,1,instock
5914611,5907501499997,1,instock
5914609,5907378109364,1,instock
5914610,5907501499980,0,outofstock
5914607,,5,instock
761900,,15,instock
3381,,15,instock
761901,,15,instock
3382,,17,instock
234,,15,instock
19642,5060420233162,1,instock
10207,5060420234046,0,outofstock
778297,5060420234077,0,outofstock
778295,5060062990416,1,instock
13103,5060062997644,1,instock
5911322,5060420235180,0,outofstock
11124,5060062996074,5,instock
772176,5060420230765,0,outofstock
772177,5060420230444,0,outofstock
791603,5060420232752,0,outofstock
785536,5060420233025,1,instock
10305,5060062999723,1,instock
778299,5060420233117,5,instock
5908908,5903771705752,0,outofstock
5909492,5903771708791,0,outofstock
5909509,5903771707367,1,instock
5914722,5903771707374,1,instock
5908895,5903771705110,0,outofstock
5908896,5903771705127,1,instock
5910758,5903771709132,0,outofstock
5909494,5903771705578,0,outofstock
5909495,5903771705585,0,outofstock
5914732,5903771706032,0,outofstock
5908997,5903771705608,0,outofstock
5909000,5903771705639,0,outofstock
5910122,5903771705622,1,instock
5908999,5903771705615,0,outofstock
5910759,5903771709460,0,outofstock
5910755,5903771707473,0,outofstock
5910760,5903771709477,1,instock
5910756,5903771707480,0,outofstock
5908897,5903771706339,0,outofstock
5908898,5903771706322,0,outofstock
5910123,5903771707992,0,outofstock
5908899,5903771706315,0,outofstock
5914173,5903771709743,0,outofstock
5914175,5903771719742,0,outofstock
5910750,5903771705240,0,outofstock
5910751,5903771705257,0,outofstock
5909490,5903771708166,15,instock
5909491,5903771708173,5,instock
5914731,5903771725279,0,outofstock
5909321,5903771705059,1,instock
5909322,5903771705066,1,instock
5909502,5903771707626,0,outofstock
5908945,5903771702140,0,outofstock
5908944,5903771702164,0,outofstock
5908938,5903771704939,0,outofstock
5908937,5903771704946,0,outofstock
5908936,5903771704953,0,outofstock
5908921,5903771700078,0,outofstock
5908918,5902581658067,0,outofstock
5910054,5903771709194,0,outofstock
5909895,5903771709200,0,outofstock
5910053,5903771709187,0,outofstock
5909896,5903771709170,0,outofstock
5908923,5903771705424,0,outofstock
5908925,5902581659569,0,outofstock
5914726,5903771722070,0,outofstock
5908922,5903771704700,1,instock
5914730,5903771725453,0,outofstock
5910761,5903771719711,0,outofstock
5908927,5903771702423,1,instock
5908928,5903771702737,0,outofstock
5908926,5903771702416,1,instock
5908931,5903771703260,0,outofstock
5908932,5903771703277,0,outofstock
5914725,5903771726214,0,outofstock
5910754,5903771707213,0,outofstock
5910753,5903771707190,0,outofstock
5910742,5902581658012,0,outofstock
5910749,5903771703642,0,outofstock
5910747,5903771703017,0,outofstock
5910746,5903771702928,0,outofstock
5910741,5902581658104,0,outofstock
5910757,5903771707879,0,outofstock
5910744,5903771700139,0,outofstock
5910745,5903771700122,0,outofstock
5908917,5903771704816,0,outofstock
5910748,5903771703192,0,outofstock
5908916,5903771704212,0,outofstock
5908914,5903771704205,0,outofstock
5908915,5903771704199,0,outofstock
5908913,5903771700160,0,outofstock
5908912,5903771700030,0,outofstock
5908910,5903771700023,0,outofstock
5908911,5903771702911,0,outofstock
5908909,5903771700016,0,outofstock
5914728,5902581659200,0,outofstock
5909504,5903771704137,0,outofstock
5909633,5903771706292,0,outofstock
5908940,5902581657596,0,outofstock
5908939,5902581657589,0,outofstock
5908941,5902581657602,1,instock
5908942,5903771701334,1,instock
5908943,5903771701327,0,outofstock
5909318,5903771707817,0,outofstock
5909319,5903771707794,0,outofstock
5909320,5903771707800,0,outofstock
5914729,5903771724296,0,outofstock
5914727,5903771724302,0,outofstock
5914723,5903771706902,1,instock
5914724,5903771706919,1,instock
5909499,5903771707664,0,outofstock
5909500,5903771700979,0,outofstock
5909498,5903771702898,0,outofstock
5908904,5903771706230,0,outofstock
5908902,5903771703994,1,instock
5908907,5903771704021,0,outofstock
5908903,5903771706940,0,outofstock
5908906,5903771704014,1,instock
5908905,5903771704007,1,instock
5909496,5902581658876,0,outofstock
5910752,5903771705486,0,outofstock
5909497,5903771705479,0,outofstock
5910740,5902581656230,0,outofstock
5910743,5902581658869,0,outofstock
5909501,5903771702690,0,outofstock
5908900,5903771704328,0,outofstock
5908901,5903771706933,0,outofstock
5910377,5903407904948,15,instock
5906262,5901691877641,1,instock
5906261,5901691877658,1,instock
5909036,5903407162942,15,instock
5909037,5901691805286,5,instock
774406,5903407015910,0,outofstock
774405,5903407015927,0,outofstock
774402,5903407015996,15,instock
783858,5903407016047,0,outofstock
783857,5903407016054,5,instock
784111,5903407016078,1,instock
5911501,5903407171500,15,instock
5911502,5903407171517,5,instock
774401,5903407016184,1,instock
774411,5903407108834,15,instock
774408,5903407108865,5,instock
777323,5903407108872,5,instock
5904968,5901691876842,15,instock
5904969,5901691876859,5,instock
5905991,5901691877016,5,instock
5905992,5901691877023,5,instock
780082,5903407122083,1,instock
774416,5903407131115,15,instock
774417,5901691815186,15,instock
774418,5901691815193,5,instock
5905121,5901691879898,5,instock
5910028,5901691884281,15,instock
5910029,5901691884298,5,instock
5910031,5901691884304,15,instock
5910032,5901691884311,15,instock
5910030,5901691884328,15,instock
774304,5903407187495,15,instock
774308,5903407187501,15,instock
774305,5903407187518,15,instock
774306,5903407187525,15,instock
774303,5903407187532,15,instock
774307,5903407187549,15,instock
5913252,5901691805248,15,instock
5913105,5901691805255,15,instock
774327,5901691805262,1,instock
5914514,5901691805279,15,instock
789100,5901691854000,1,instock
789103,5901691854048,1,instock
774319,5903407215617,15,instock
774318,5903407215631,15,instock
5905977,5901691878204,5,instock
5905979,5901691878211,1,instock
5905978,5901691878228,5,instock
774317,5903407215655,15,instock
5905982,5901691878174,0,outofstock
5905980,5901691878181,5,instock
5905981,5901691878198,15,instock
774321,5903407215716,15,instock
774320,5903407215730,0,outofstock
787283,5903407215853,1,instock
774311,5903407215860,0,outofstock
787284,5903407215877,5,instock
5905775,5901691876866,15,instock
5905776,5901691876873,15,instock
5906956,5901691876880,5,instock
5906957,5901691876897,5,instock
5910027,5901691880221,5,instock
5910026,5901691880238,15,instock
5914128,5903407172231,15,instock
774357,5903407228556,5,instock
774358,5901691802414,5,instock
774359,5903407228563,15,instock
774360,5901691802612,15,instock
774361,5903407228570,15,instock
774362,5901691802810,5,instock
774353,5903407228624,5,instock
774354,5903407228655,15,instock
775868,5903407228662,0,outofstock
775867,5903407228679,5,instock
775866,5903407228686,15,instock
775869,5903407228693,1,instock
775870,5901691817319,0,outofstock
775871,5903407228709,5,instock
775872,5901691817326,5,instock
775873,5903407228716,15,instock
775874,5901691817333,5,instock
778209,5903407228754,5,instock
778210,5903407228549,5,instock
778213,5903407228761,1,instock
778212,5901691834101,5,instock
778208,5903407228778,15,instock
778211,5903407228785,5,instock
778207,5903407228792,15,instock
778261,5903407228808,15,instock
781830,5903407228815,5,instock
781831,5901691835092,1,instock
781832,5903407228822,15,instock
781834,5901691835108,15,instock
781833,5903407228839,15,instock
781835,5901691835115,15,instock
781836,5903407228846,5,instock
781837,5901691835122,5,instock
781331,5903407228853,1,instock
781333,5903407228860,5,instock
781334,5901691835146,1,instock
781335,5903407228877,15,instock
781336,5901691835153,5,instock
787286,5903407993553,5,instock
787287,5903407993546,15,instock
5903370,5903407993539,15,instock
787296,5903407993560,5,instock
787297,5903407993584,15,instock
787298,5903407993577,5,instock
787300,5903407993614,5,instock
787302,5903407993607,5,instock
787294,5901691850576,1,instock
787295,5901691850583,5,instock
789967,5901691853713,15,instock
789968,5901691853706,15,instock
789590,5901691853720,15,instock
789591,5901691853737,15,instock
789594,5901691853744,15,instock
789595,5901691853751,15,instock
789596,5901691853768,5,instock
789597,5901691853775,15,instock
789593,5901691853799,5,instock
789384,5901691853805,0,outofstock
5914346,5903407169583,15,instock
789388,5901691853829,15,instock
789390,5901691853843,15,instock
789391,5901691853850,5,instock
789386,5901691853867,5,instock
789387,5901691853874,15,instock
5913169,5903407169637,5,instock
5912637,5903407169644,15,instock
5905986,5901691874466,0,outofstock
5905987,5901691874473,15,instock
5905988,5901691874480,15,instock
5905990,5901691874497,15,instock
5905989,5901691874503,15,instock
5909866,5901691888302,15,instock
5909867,5901691888296,15,instock
5909870,5901691888326,15,instock
5909871,5901691888319,15,instock
5909872,5901691888340,15,instock
5909873,5901691888333,15,instock
5909868,5901691888364,5,instock
5909869,5901691888357,15,instock
5909219,5901691888388,1,instock
5909223,5901691888401,15,instock
5909224,5901691888395,0,outofstock
5909225,5901691888425,15,instock
5909226,5901691888418,5,instock
5909221,5901691888449,5,instock
5909222,5901691888432,15,instock
5913340,5903407360218,5,instock
5913341,5903407360225,15,instock
5913342,5903407360232,15,instock
5913346,5903407360249,15,instock
5913348,5903407360256,15,instock
5913349,5903407360263,5,instock
5914347,5903407365466,15,instock
5914348,5903407365480,5,instock
5914349,5903407365503,15,instock
5911073,5901691890312,5,instock
5911074,5901691890336,15,instock
5911075,5901691890343,5,instock
5911076,5901691890350,15,instock
5911077,5901691890367,15,instock
5911078,5901691890374,5,instock
5911079,5901691890381,5,instock
5911080,5901691890411,0,outofstock
5911081,5901691890428,5,instock
5911082,5901691890435,15,instock
5911083,5901691890459,0,outofstock
5911084,5901691890466,0,outofstock
5911086,5901691890473,5,instock
5911088,5901691890480,5,instock
5911089,5901691890497,15,instock
5911090,5901691890503,5,instock
5911091,5901691890510,1,instock
5911092,5901691890527,5,instock
5911093,5901691890534,5,instock
5911094,5901691890541,5,instock
5912748,5903407176314,15,instock
5912749,5903407176345,15,instock
5912750,5903407176376,15,instock
774343,5903407353449,5,instock
775016,5903407353487,0,outofstock
775017,5903407353470,0,outofstock
5904298,5903407353531,0,outofstock
779280,5903407353562,15,instock
5904299,5901691874381,1,instock
789278,5901691853935,0,outofstock
5904832,5901691874404,1,instock
5904833,5901691874411,5,instock
5905009,5901691876989,15,instock
5912149,5903407173825,5,instock
5912150,5903407173818,1,instock
5911503,5903407168333,5,instock
5911504,5903407168340,1,instock
5911785,5903407168357,5,instock
5911786,5903407168364,1,instock
777854,5903407056050,15,instock
779202,5903407056067,15,instock
784479,5901691835085,15,instock
784478,5903407510200,15,instock
5907542,5901691880467,5,instock
5907543,5901691880450,15,instock
5909558,5901691886315,5,instock
5909559,5901691886339,15,instock
5909561,5901691886322,15,instock
5904300,5903407566047,15,instock
774346,5903407598703,15,instock
785529,5901691838420,5,instock
778264,5901691833371,1,instock
778262,5903407741055,1,instock
777872,5903407742045,0,outofstock
774333,5903407770512,1,instock
5905151,9001616831409,1,instock
5904230,9001616831416,1,instock
5904239,9001616831546,0,outofstock
5904246,9001616831614,1,instock
5904247,9001616831621,1,instock
5904248,9001616831638,0,outofstock
5904249,9001616831645,0,outofstock
5904253,9001616831683,1,instock
5904255,9001616831706,0,outofstock
5904272,9001616831867,0,outofstock
5904274,9001616831881,5,instock
5904275,9001616831898,15,instock
5904276,9001616831904,15,instock
5905152,9001616831911,15,instock
5905154,9001616831959,0,outofstock
5905153,9001616835575,5,instock
5905404,9001616839894,5,instock
5908299,9001616850578,0,outofstock
5908301,9001616850585,0,outofstock
5908302,9001616850592,0,outofstock
5908304,9001616850608,1,instock
5908316,9001616850615,1,instock
5908842,9001616850622,0,outofstock
5908843,9001616850639,0,outofstock
5908844,9001616850646,0,outofstock
5908845,9001616850653,1,instock
5908846,9001616850660,5,instock
5908847,9001616850677,1,instock
5908848,9001616850684,1,instock
5908849,9001616850691,5,instock
5908308,9001616850707,1,instock
5908317,9001616850714,5,instock
5908850,9001616850721,0,outofstock
5909208,9001616850738,1,instock
5908318,9001616850745,0,outofstock
5908851,9001616850752,1,instock
5910074,9001616850776,0,outofstock
5908852,9001616850783,0,outofstock
5910075,9001616850790,1,instock
5908853,9001616850806,5,instock
5910805,9001616850813,1,instock
5908319,9001616850820,1,instock
5909209,9001616850837,1,instock
5908320,9001616850943,0,outofstock
5908321,9001616850950,0,outofstock
5910806,9001616850974,0,outofstock
5910076,9001616850981,0,outofstock
5910077,9001616850998,0,outofstock
5910807,9001616851001,5,instock
5910078,9001616851018,1,instock
5910079,9001616851025,1,instock
5908322,9001616851070,0,outofstock
5908323,9001616851087,0,outofstock
5908324,9001616851094,0,outofstock
5908854,9001616851100,15,instock
5908864,9001616851117,1,instock
5908325,9001616851124,1,instock
5908326,9001616851131,0,outofstock
5910600,9001616851148,5,instock
5908327,9001616851155,0,outofstock
5908328,9001616851162,5,instock
5908329,9001616851179,0,outofstock
5909210,9001616851186,15,instock
5910080,9001616851193,15,instock
5910081,9001616851209,0,outofstock
5910082,9001616851216,0,outofstock
5911434,9001616851223,1,instock
5909212,9001616851247,5,instock
5909211,9001616851254,15,instock
5909213,9001616851261,5,instock
5910601,9001616851278,0,outofstock
5911897,9001616854330,0,outofstock
5911898,9001616854347,1,instock
5912503,9001616856532,1,instock
5913902,9001616856549,0,outofstock
5911900,9001616856624,1,instock
5911899,9001616856631,1,instock
5911901,9001616856686,1,instock
770637,9001616698545,0,outofstock
8641,9001616680809,0,outofstock
5904282,9001616832000,1,instock
5908330,9001616853302,1,instock
5904281,9001616831997,1,instock
5904637,9001616831966,15,instock
784994,5903033901328,1,instock
776996,5903033901397,1,instock
776986,5903033901939,1,instock
776975,5903033902110,0,outofstock
776972,5903033902493,1,instock
776979,5903033902783,1,instock
776978,5903033902790,0,outofstock
776980,5903033902813,1,instock
776983,5903033902820,1,instock
776982,5903033902837,1,instock
791215,5903033903131,1,instock
790886,5903033903148,1,instock
790027,5903033903155,5,instock
791491,5903033903162,0,outofstock
790028,5903033903179,5,instock
790029,5903033903186,1,instock
790030,5903033903193,1,instock
779418,5903033903698,0,outofstock
782753,5903033903759,1,instock
781308,5903033903766,1,instock
782754,5903033903780,1,instock
785000,5903033904091,1,instock
784414,5903033904121,1,instock
786740,5903033904152,1,instock
786741,5903033904169,1,instock
785631,5903033904176,0,outofstock
785632,5903033904183,0,outofstock
788199,5903033904237,1,instock
791212,5903033904268,1,instock
791213,5903033904275,1,instock
791214,5903033904282,1,instock
5906278,5903033905739,1,instock
5906279,5903033905746,1,instock
5906281,5903033905753,1,instock
5906280,5903033905777,1,instock
5906285,5903033905852,0,outofstock
5906291,5903033906118,0,outofstock
5910894,5905036205298,1,instock
5910912,5905036205335,1,instock
5911291,5905036205397,0,outofstock
5910908,5905036205403,1,instock
5910911,5905036205427,1,instock
5910915,5905036207247,1,instock
5911193,5905036207261,1,instock
5910914,5905036207773,1,instock
5910895,5905036207780,1,instock
5910897,5905036207797,1,instock
5910899,5905036207803,0,outofstock
5914088,5905036207872,1,instock
5914087,5905036207889,0,outofstock
5911194,5906555610457,1,instock
5910983,5906555610464,1,instock
5911964,5906555610488,0,outofstock
5910981,5906555610532,1,instock
5910982,5906555610549,1,instock
5911196,5906555610570,1,instock
5911197,5906555610587,1,instock
5911198,5906555610594,1,instock
5910918,5906555610945,1,instock
5910919,5906555610952,1,instock
5914090,5906555611072,1,instock
5911289,5906555611089,1,instock
5911290,5906555611096,5,instock
5914091,5906555611102,1,instock
5911968,5906555612567,1,instock
5911970,5906555612574,1,instock
5911973,5906555612581,1,instock
5911974,5906555612598,1,instock
5911972,5906555612895,5,instock
5911969,5906555612901,1,instock
5911971,5906555612918,1,instock
5914089,5906555613076,1,instock
5912619,5906555614073,1,instock
5912620,5906555614080,1,instock
5912621,5906555614097,1,instock
5912622,5906555614103,0,outofstock
5912623,5906555614110,1,instock
5912624,5906555614127,1,instock
5912625,5906555614134,1,instock
5912626,5906555614141,1,instock
5913502,5906555614196,15,instock
5912627,5906555614219,15,instock
5913724,5906555614417,1,instock
5913725,5906555614424,1,instock
5913726,5906555614431,1,instock
5913727,5906555614448,1,instock
5913487,5906555614592,1,instock
5913491,5906555614820,5,instock
5913500,5906555614837,1,instock
5913499,5906555614844,1,instock
5913486,5906555614851,1,instock
5913488,5906555614868,1,instock
5913493,5906555614875,1,instock
5913492,5906555614882,1,instock
5913498,5906555614899,1,instock
5913497,5906555614905,5,instock
5913490,5906555614912,1,instock
5913489,5906555614929,1,instock
5913494,5906555614936,1,instock
5913496,5906555614950,1,instock
5913728,5906555614967,1,instock
5913729,5906555614981,1,instock
5913732,5906555614998,1,instock
5913731,5906555615001,1,instock
5914092,5906555615902,15,instock
5913495,5906555615919,1,instock
5914272,5906555615933,1,instock
5914094,5906555615988,1,instock
5914093,5906555615995,1,instock
5913733,5906555616244,1,instock
5914273,5906555616381,1,instock
5913730,5906555616411,1,instock
5914545,5906555617449,5,instock
5914546,5906555617586,1,instock
5910098,5907784461162,0,outofstock
5910097,5907784461179,1,instock
5910099,5907784461193,1,instock
5911544,5907784461223,1,instock
5903297,5907784463135,0,outofstock
767874,5907784463432,0,outofstock
10265,5907784465122,0,outofstock
789652,5907784465153,5,instock
4480,5907784465160,0,outofstock
2408,5907784465214,1,instock
779662,5907784465269,0,outofstock
779666,5907784465306,0,outofstock
779667,5907784465313,0,outofstock
5905832,5907784465351,1,instock
5908168,5907784465375,5,instock
778591,5907784466259,5,instock
778735,5907784466266,1,instock
783618,5907784466303,1,instock
783620,5907784466310,1,instock
783615,5907784466358,1,instock
783616,5907784466365,1,instock
787672,5907784466372,1,instock
5903295,5907784467133,0,outofstock
767763,5907784467324,0,outofstock
767873,5907784467430,0,outofstock
768046,5907784467508,1,instock
787014,5907784468000,1,instock
789601,5907784468062,1,instock
790037,5907784468147,15,instock
2828,5907784468253,0,outofstock
5911547,5907784468406,1,instock
5911546,5907784468413,1,instock
5911548,5907784468420,1,instock
5911545,5907784468437,1,instock
5911550,5907784468444,0,outofstock
5911549,5907784468451,1,instock
767878,5907784468727,1,instock
772987,5907784468741,1,instock
5908169,5907784469199,1,instock
5908397,5907784469205,5,instock
23233,5907784469236,1,instock
24008,5907784469311,1,instock
20999,5907784469410,0,outofstock
21102,5907784469441,1,instock
762463,5907784469502,1,instock
762462,5907784469533,0,outofstock
769454,5907784469793,0,outofstock
769452,5907784469847,0,outofstock
770672,5907784469977,0,outofstock
5914269,5904722259034,15,instock
5914303,5904722259010,15,instock
5914270,5904722259027,15,instock
5912520,5904722258983,1,instock
5912519,5904722258976,1,instock
5912518,5904722258969,0,outofstock
5912517,5904722258990,0,outofstock
791561,5904722257276,5,instock
5904981,5904722257269,5,instock
791563,5904722256057,5,instock
791564,5904722256644,15,instock
791565,5904722257283,15,instock
5914858,5904722259447,1,instock
5914857,5904722259454,1,instock
5914856,5904722259478,1,instock
5914855,5904722259461,1,instock
5905868,5905204315767,1,instock
5905869,5905204315804,0,outofstock
5905872,5905204315811,1,instock
5906418,5905204327487,1,instock
5910115,5905204373828,1,instock
5910117,5905204373842,1,instock
5910119,5905204373873,5,instock
5910120,5905204373880,1,instock
5903331,5905204309988,1,instock
5908275,5905204342602,1,instock
5908832,5905204342633,1,instock
5908829,5905204342626,1,instock
5908838,5905204342794,1,instock
5908839,5905204342800,1,instock
5908837,5905204342787,1,instock
5908276,5905204342848,0,outofstock
5902919,5905204302545,1,instock
5902920,5905204302552,1,instock
5902947,5905204302569,5,instock
5902948,5905204302576,1,instock
5902949,5905204302583,0,outofstock
5902936,5905204302613,0,outofstock
5902937,5905204302620,1,instock
5902942,5905204302668,5,instock
5902943,5905204302675,1,instock
5909861,5905204348840,1,instock
5909728,5905204348857,15,instock
5909729,5905204348864,0,outofstock
5909730,5905204348871,0,outofstock
5905626,5905204302392,0,outofstock
5905627,5905204302408,0,outofstock
5905621,5905204321652,0,outofstock
5905622,5905204321669,0,outofstock
5902951,5905204304495,5,instock
5902952,5905204304501,5,instock
5902911,5905204304532,15,instock
5902912,5905204304549,5,instock
5902913,5905204304556,1,instock
5902914,5905204304600,5,instock
5902915,5905204304570,5,instock
5902916,5905204304587,15,instock
5902917,5905204304594,0,outofstock
5902906,5905204304648,0,outofstock
5902907,5905204304617,15,instock
5902908,5905204304624,15,instock
5902909,5905204304631,0,outofstock
5906434,5905204321942,1,instock
5907273,5905204322079,1,instock
5909731,5905204366295,1,instock
5906457,5905204322512,1,instock
5907363,5905204325445,1,instock
5906464,5905204322567,1,instock
5906466,5905204322581,1,instock
5906461,5905204325469,1,instock
5906462,5905204322543,1,instock
5906463,5905204322550,0,outofstock
5908441,5905204341919,15,instock
5908438,5905204341896,15,instock
5908440,5905204341902,15,instock
5908012,5905204345771,1,instock
5908008,5905204345733,0,outofstock
5908009,5905204345740,15,instock
5908010,5905204345757,15,instock
5908011,5905204345764,0,outofstock
5908016,5905204345818,1,instock
5908017,5905204345825,0,outofstock
5908028,5905204345917,5,instock
5908025,5905204345887,5,instock
5908026,5905204345894,15,instock
5908027,5905204345900,0,outofstock
5908035,5905204345986,15,instock
5908036,5905204345993,0,outofstock
5908033,5905204345962,15,instock
5908034,5905204345979,1,instock
5909741,5905204364123,5,instock
5909740,5905204364130,1,instock
5909748,5905204364208,0,outofstock
5909753,5905204364253,1,instock
5909758,5905204364314,0,outofstock
5909766,5905204364406,1,instock
5909767,5905204364413,0,outofstock
5909763,5905204364376,1,instock
5902954,5905204300022,15,instock
5902955,5905204300039,15,instock
5902956,5905204300046,15,instock
5902957,5905204300053,5,instock
5902958,5905204300060,5,instock
5908545,5905204335468,15,instock
5908546,5905204335475,5,instock
5902959,5905204300015,5,instock
5902963,5905204300305,1,instock
5902965,5905204300077,1,instock
5902968,5905204300107,1,instock
5902969,5905204300114,1,instock
5909335,5905204300336,1,instock
5909336,5905204300343,0,outofstock
5909337,5905204300350,1,instock
5908547,5905204335482,15,instock
5908548,5905204335499,15,instock
5909334,5905204300329,15,instock
5902970,5905204300121,1,instock
5902972,5905204300145,1,instock
5902973,5905204300152,1,instock
5903177,5905204312506,1,instock
5903170,5905204313145,5,instock
5903172,5905204313169,1,instock
5903173,5905204313176,15,instock
5903174,5905204313138,5,instock
5903166,5905204313190,15,instock
5903167,5905204313206,15,instock
5903168,5905204313213,15,instock
5908549,5905204335505,5,instock
5908550,5905204335512,5,instock
5903169,5905204313183,15,instock
5909033,5905204300411,5,instock
5903416,5905204300428,15,instock
5903417,5905204300435,5,instock
5903418,5905204300442,15,instock
5903419,5905204300459,15,instock
5908551,5905204348260,1,instock
5908552,5905204348277,5,instock
5903415,5905204348284,5,instock
5903420,5905204300466,15,instock
5903421,5905204300473,15,instock
5903422,5905204300480,5,instock
5903426,5905204300497,15,instock
5903427,5905204300503,5,instock
5909338,5905204348291,15,instock
5907290,5905204300534,1,instock
5903443,5905204312513,1,instock
5903446,5905204312544,1,instock
5903447,5905204312551,5,instock
5903441,5905204312599,5,instock
5903442,5905204312605,5,instock
5903428,5905204312612,15,instock
5903429,5905204312629,5,instock
5903430,5905204312636,5,instock
5903431,5905204312643,15,instock
5903432,5905204312650,15,instock
5903433,5905204312667,5,instock
5903437,5905204312704,5,instock
5903657,5905204312797,5,instock
5903659,5905204312803,5,instock
5903661,5905204312827,5,instock
5903662,5905204312834,15,instock
5903663,5905204312841,5,instock
5906748,5905204335529,15,instock
5906749,5905204335536,1,instock
5906751,5905204335550,15,instock
5906752,5905204335574,15,instock
5906753,5905204335581,5,instock
5906754,5905204335598,15,instock
5906755,5905204335604,15,instock
5908038,5905204348369,5,instock
5908039,5905204348376,1,instock
5908041,5905204348390,5,instock
5908042,5905204348413,5,instock
5908043,5905204348420,1,instock
5908044,5905204348437,0,outofstock
5908045,5905204348444,1,instock
5908048,5905204348475,5,instock
5908050,5905204348482,5,instock
5908671,5905204361269,5,instock
5908052,5905204348512,5,instock
5908053,5905204348529,15,instock
5908054,5905204348796,0,outofstock
5908055,5905204348826,15,instock
5910209,5905204366592,15,instock
5910210,5905204365045,5,instock
5910214,5905204365083,5,instock
5910222,5905204365168,1,instock
5909985,5905204365175,15,instock
5910009,5905204370650,5,instock
5910020,5905204371084,1,instock
5910022,5905204371091,15,instock
5914959,5907220847833,15,instock
5914960,5907220847840,15,instock
5913624,5905204394601,15,instock
5913625,5905204394656,15,instock
5908672,5905204307755,15,instock
5908673,5905204307762,0,outofstock
5908674,5905204307779,0,outofstock
5909768,5905204307786,15,instock
5909769,5905204307793,15,instock
5909770,5905204307809,15,instock
5902984,5905204310441,0,outofstock
5902983,5905204310458,0,outofstock
5902985,5905204310496,0,outofstock
5902987,5905204310502,15,instock
5902986,5905204310519,15,instock
5907356,5905204335840,15,instock
5907357,5905204335857,0,outofstock
5907358,5905204335864,15,instock
5909771,5905204369616,5,instock
5909772,5905204369623,15,instock
5907022,5905204336045,5,instock
5907025,5905204336076,1,instock
5907026,5905204336083,1,instock
5908443,5905204341483,5,instock
5911584,5905204390603,0,outofstock
5911586,5905204390627,0,outofstock
5911585,5905204390610,0,outofstock
5911587,5905204390634,0,outofstock
5911588,5905204390672,0,outofstock
5911590,5905204390696,0,outofstock
5914961,5907220848809,0,outofstock
5914962,5907220849370,15,instock
5914964,5907220849394,15,instock
5914963,5907220849387,15,instock
5914965,5907220849400,15,instock
5914967,5907220849424,15,instock
5914966,5907220849417,15,instock
5914968,5907220849431,15,instock
5914970,5907220849455,15,instock
5914969,5907220849448,15,instock
5914973,5907220849486,15,instock
5914971,5907220849462,0,outofstock
5914972,5907220849479,15,instock
5914975,5907220849530,15,instock
5914980,5907220849516,15,instock
5914974,5907220849523,15,instock
5907030,5905204336229,1,instock
5907031,5905204336236,1,instock
5907032,5905204336243,1,instock
5907034,5905204336267,5,instock
5907036,5905204336281,1,instock
5913052,5907220812848,15,instock
5913051,5907220812831,15,instock
5913053,5907220812886,15,instock
5913055,5907220812909,15,instock
5913054,5907220812893,15,instock
5913056,5907220812916,15,instock
5913058,5907220812930,15,instock
5913057,5907220812923,15,instock
5908020,5905204312711,5,instock
5908022,5905204312735,5,instock
5908023,5905204312742,5,instock
5914735,5907220838992,0,outofstock
5914736,5907220839036,0,outofstock
5914583,5907220839371,5,instock
10883,4008600283386,1,instock
10884,4008600115915,1,instock
11947,4008600211174,1,instock
1459,4008600083702,5,instock
18467,4008600083641,0,outofstock
4635,4008600090212,1,instock
5633,4008600299882,0,outofstock
5902694,4008600397083,5,instock
5903042,5906732729453,0,outofstock
5903810,4008600418276,0,outofstock
5905405,4008600424574,0,outofstock
5905406,4008600420644,0,outofstock
5905407,4008600420705,1,instock
5905408,4008600424567,0,outofstock
5905409,4008600424550,1,instock
5905464,4008600419563,0,outofstock
5905519,4008600420576,0,outofstock
5907803,4008600425441,0,outofstock
5907804,4008600425434,0,outofstock
5907805,4008600425472,0,outofstock
5907806,4008600425458,0,outofstock
5908429,4008600369592,1,instock
5909056,4008600382812,1,instock
5909057,4008600399476,0,outofstock
5909062,,1,instock
5909065,4008600399018,0,outofstock
5909066,4008600313212,0,outofstock
5909123,4008600434610,1,instock
5909124,4008600434634,1,instock
5909125,4008600434641,1,instock
5909126,4008600434597,1,instock
5909127,4008600434603,1,instock
5909128,4008600434580,1,instock
5909129,4008600434573,1,instock
5909143,4008600434627,1,instock
5909147,4008600434870,0,outofstock
5909643,,1,instock
5909646,4008600434931,0,outofstock
5909701,,5,instock
5909702,4008600413127,1,instock
5909703,4008600320807,0,outofstock
5909705,4008600402275,0,outofstock
5909706,4008600429722,0,outofstock
5909714,4008600313199,0,outofstock
5910638,4008600441601,0,outofstock
5910639,4008600441694,0,outofstock
5910640,4008600441656,5,instock
5910641,4008600441632,0,outofstock
5910642,4008600441649,0,outofstock
5912179,4008600435914,5,instock
5912180,4008600435990,1,instock
5912181,4008600401889,0,outofstock
5913778,4008600427476,0,outofstock
5913779,4008600427469,0,outofstock
5913780,4008600442226,0,outofstock
5913781,4008600427117,0,outofstock
5913788,4008600443575,0,outofstock
5913795,4008600442530,0,outofstock
5913796,4008600442523,0,outofstock
5913797,4008600440796,0,outofstock
5913798,4008600440819,0,outofstock
5913804,4008600425519,0,outofstock
766496,4008600229285,0,outofstock
768798,,0,outofstock
769729,4008600207320,15,instock
771939,4008600441519,1,instock
773382,4008600274735,1,instock
773892,4008600311713,5,instock
776327,4008600318736,1,instock
776870,,1,instock
779124,4008600356189,0,outofstock
779495,4008600360070,0,outofstock
779496,4008600360094,0,outofstock
779497,4008600360001,0,outofstock
779551,4008600181286,1,instock
779754,4008600361701,0,outofstock
780909,4008600169512,0,outofstock
780910,4008600169574,0,outofstock
780912,4008600169338,0,outofstock
780915,4008600208709,0,outofstock
780917,4008600208693,0,outofstock
781861,4008600372639,1,instock
781862,4008600372493,15,instock
782493,4008600370666,15,instock
782494,4008600370703,0,outofstock
783238,4008600382287,0,outofstock
783239,4008600440888,0,outofstock
783243,4008600382409,0,outofstock
783486,4008600382430,0,outofstock
783487,4008600382447,1,instock
783598,4008600382416,1,instock
785370,4008600382355,0,outofstock
786373,4008600402022,1,instock
786376,4008600402015,5,instock
786377,4008600402008,0,outofstock
787191,4008600406365,0,outofstock
787854,4008600407430,0,outofstock
789033,4008600402152,0,outofstock
789958,4008600411406,0,outofstock
789960,4008600411369,1,instock
790322,4008600405399,1,instock
791013,4008600418696,0,outofstock
791105,5906732728845,1,instock
791106,5906732728951,0,outofstock
791107,,0,outofstock
791108,5906732728975,0,outofstock
791516,4008600418689,0,outofstock
791698,4008600417200,0,outofstock
791702,4008600418719,0,outofstock
5913710,074451114838,5,instock
5913709,074451117853,1,instock
5913714,074451167599,5,instock
5913713,074451167605,5,instock
5913703,074451167636,1,instock
5913707,074451167650,1,instock
5913704,074451167667,1,instock
5913705,074451167728,5,instock
5913939,074451167797,0,outofstock
5913708,074451169074,1,instock
5913712,074451169081,15,instock
5913706,834282000300,1,instock
5913678,8596202007593,5,instock
5913666,8596202005872,1,instock
5913661,8596202016953,15,instock
5913665,8596202016960,0,outofstock
5913662,8596202016977,5,instock
5913659,8596202016984,5,instock
5913664,8596202016991,15,instock
5913663,8596202017004,5,instock
5913660,8596202017011,5,instock
5913669,8596202016878,1,instock
5913668,8596202016892,1,instock
5913670,8596202005902,15,instock
5913667,8596202016885,15,instock
5913672,8596202005896,15,instock
5913671,8596202005919,0,outofstock
5914377,8596202016908,0,outofstock
5914378,8596202016915,0,outofstock
5913675,8596202008989,1,instock
5913673,8596202008972,1,instock
5913674,8596202008965,1,instock
5913461,8596202010647,0,outofstock
5913642,8596202010494,1,instock
5913644,8596202002635,1,instock
5913643,8596202002642,1,instock
5913464,8596202007203,5,instock
5913462,8595640905096,15,instock
5913463,8595640905034,15,instock
5913640,8596202010531,1,instock
5913457,8596202010555,15,instock
5913639,8596202007265,1,instock
5913458,8596202007272,15,instock
5913456,8596202002673,15,instock
5913641,8596202002680,5,instock
5913701,8596202015864,1,instock
5913702,8596202015857,0,outofstock
5913677,8596202015888,1,instock
5913676,8596202015871,1,instock
5913694,8596202015840,1,instock
5913693,8596202007623,1,instock
5913692,8596202008217,1,instock
5913700,8596202009467,5,instock
5913699,8596202009474,5,instock
5913831,8596202009504,0,outofstock
5913832,8596202009511,0,outofstock
5913690,8596202015772,1,instock
5913689,8596202015765,0,outofstock
5913691,8596202015758,1,instock
5913698,8596202015819,0,outofstock
5913697,8596202015802,1,instock
5913650,8596202008262,0,outofstock
5913652,8596202008286,1,instock
5913651,8596202008293,1,instock
5913654,8596202008309,0,outofstock
5913696,8596202015826,1,instock
5913695,8596202015833,1,instock
5913853,8596202017509,0,outofstock
5913852,8596202017516,1,instock
5913851,8596202017523,1,instock
5913653,8596202015963,0,outofstock
5913647,8596202015970,1,instock
5913649,8596202015956,0,outofstock
5913657,8596202005520,5,instock
5913656,8596202005537,1,instock
5913658,8596202008811,1,instock
5913655,8596202008828,5,instock
5913683,8596202008835,1,instock
5913648,8596202016656,1,instock
5913940,8596202016649,1,instock
5913684,8596202003687,1,instock
5913686,8596202003670,1,instock
5913685,8596202003663,1,instock
5913837,8596202003656,1,instock
5913688,8596202003625,0,outofstock
5913687,8596202003632,1,instock
5913646,8595640900152,15,instock
776913,4895038551992,1,instock
776914,4895038552012,0,outofstock
766541,4895038501423,1,instock
766547,4895038501553,0,outofstock
767860,4895038501751,1,instock
767861,4895038501768,0,outofstock
767862,4895038501782,0,outofstock
781056,4895038501850,1,instock
778592,4895038551961,1,instock
766549,5905375805241,5,instock
784130,4895038502680,0,outofstock
766562,4895038551206,0,outofstock
780163,4895038542709,1,instock
766579,4895038542761,0,outofstock
766588,4895038542983,0,outofstock
777205,4895038543164,0,outofstock
766596,4895038506862,1,instock
766598,4895038506886,1,instock
766599,4895038506893,1,instock
768854,4895038543249,0,outofstock
768776,4895038543263,1,instock
767604,4895038543287,0,outofstock
766607,4895038543362,0,outofstock
766610,4895038543423,0,outofstock
767606,4895038541405,1,instock
767607,4895038548428,0,outofstock
766614,4895038551411,0,outofstock
766615,4895038507401,1,instock
784131,4895038507661,1,instock
784133,4895038507685,0,outofstock
777651,4895038507746,0,outofstock
767864,4895038507760,0,outofstock
766518,4895038543621,0,outofstock
766524,4895038508453,0,outofstock
791016,4895038508781,0,outofstock
771521,4895038510807,0,outofstock
785497,4895038548565,0,outofstock
789176,4895038518032,0,outofstock
790784,4895038518049,0,outofstock
766652,4895038522718,1,instock
5905781,4895038553170,0,outofstock
5905782,4895038553187,0,outofstock
5905783,4895038553194,1,instock
5905784,4895038553200,0,outofstock
5909801,4895038553248,0,outofstock
5910465,4895038553361,0,outofstock
5913481,4895038553767,0,outofstock
5913721,4895038553866,0,outofstock
785498,4895038525078,1,instock
772842,4895038525092,0,outofstock
789177,5905375838256,0,outofstock
768105,5905375426361,0,outofstock
789179,5905375426378,0,outofstock
784137,4895038549067,1,instock
784139,4895038549081,1,instock
5904748,4895038571181,0,outofstock
788339,5905375836801,0,outofstock
5908143,5905375845087,0,outofstock
766663,4895038545885,0,outofstock
766664,4895038592094,5,instock
777201,5905375829674,0,outofstock
780702,5905375834937,0,outofstock
5903013,5905375834968,5,instock
782979,5905375834944,0,outofstock
780703,5905375834951,0,outofstock
770632,5905375820466,0,outofstock
772899,5905375823047,1,instock
773284,5905375823245,0,outofstock
777735,5905375820428,0,outofstock
777736,5905375826178,0,outofstock
783808,5905375826185,0,outofstock
773283,5905375826192,0,outofstock
769113,5905375820459,0,outofstock
769112,5905375820435,0,outofstock
5913532,5905375850463,0,outofstock
5912441,5905375850524,0,outofstock
5912442,5905375850531,0,outofstock
5913529,5905375850685,0,outofstock
5913530,5905375850692,0,outofstock
5913531,5905375850715,1,instock
5913533,5905375850739,1,instock
5912446,5905375850753,1,instock
5912447,5905375850760,0,outofstock
5912448,5905375850777,0,outofstock
777866,4895167984739,0,outofstock
5910192,4895167984777,0,outofstock
5906788,4895167984005,1,instock
5906790,4895167984043,0,outofstock
5907382,4895167988409,0,outofstock
5906791,4895167988416,0,outofstock
5905767,4895167989178,0,outofstock
5911924,4895167903105,0,outofstock
783551,1343332863349,15,instock
5909808,6944167102846,0,outofstock
5910193,6944167102709,1,instock
5910195,6944167100330,0,outofstock
5909813,6944167103744,0,outofstock
5913528,6944167105182,0,outofstock
5910198,6944167103379,0,outofstock
5909814,6944167102549,1,instock
767386,5905375808228,0,outofstock
5912436,5905375846220,1,instock
5913723,5905375846886,0,outofstock
5912438,5905375847890,0,outofstock
5912439,5905375847906,0,outofstock
5912440,5905375847920,1,instock
5913534,5905375848033,0,outofstock
5913535,5905375848057,0,outofstock
5913536,5905375848064,1,instock
5913537,5905375848071,0,outofstock
5913538,5905375848088,1,instock
5912434,5905375848095,0,outofstock
5913539,5905375845186,0,outofstock
5913540,5905375845537,1,instock
5912451,5905375852832,0,outofstock
5912452,5905375852849,0,outofstock
5913525,5905375848743,0,outofstock
5913526,5905375848767,0,outofstock
780153,5905375829322,0,outofstock
780154,5905375829339,15,instock
779378,5905375831080,0,outofstock
779391,5905375833466,1,instock
780448,5905375833473,0,outofstock
789185,5905375833480,1,instock
785159,5905375833992,0,outofstock
780449,5905375834579,0,outofstock
780825,5905375835118,0,outofstock
780827,5905375835132,15,instock
780828,5905375835149,0,outofstock
789186,5905375836580,0,outofstock
789187,5905375836597,0,outofstock
784446,5905375836603,0,outofstock
784448,5905375836627,1,instock
789969,5905375836672,0,outofstock
785402,5905375836696,0,outofstock
784588,5905375836757,0,outofstock
785522,5905375836849,1,instock
785161,5905375836870,0,outofstock
5906793,5905375837228,0,outofstock
5906794,5905375837235,0,outofstock
5906795,5905375837242,0,outofstock
5905897,5905375837259,0,outofstock
5903254,5905375837693,0,outofstock
788342,5905375837792,1,instock
5911925,5905375837914,1,instock
5913541,5905375838416,0,outofstock
789814,5905375838690,0,outofstock
789815,5905375838706,1,instock
5913722,5905375838713,0,outofstock
791421,5905375838805,0,outofstock
790294,5905375838836,1,instock
5911926,5905375839307,1,instock
5906796,5905375839338,0,outofstock
5909953,5905375839345,0,outofstock
5905898,5905375839352,0,outofstock
791022,5905375839383,1,instock
791023,5905375839390,0,outofstock
791024,5905375839406,0,outofstock
5913104,5905375839420,5,instock
791248,5905375839437,0,outofstock
790901,5905375839444,1,instock
790296,5905375839598,5,instock
791025,5905375839604,1,instock
5903627,5905375839628,1,instock
5903628,5905375839635,1,instock
791415,5905375839734,1,instock
790313,5905375839741,1,instock
790314,5905375839758,1,instock
791416,5905375839765,1,instock
790318,5905375839802,0,outofstock
5913542,5905375839819,0,outofstock
790319,5905375839826,0,outofstock
5903266,5905375839864,0,outofstock
5903267,5905375840044,1,instock
789974,5905375840808,0,outofstock
789975,5905375840815,0,outofstock
789976,5905375840822,0,outofstock
5907155,5905375841218,0,outofstock
5905790,5905375843557,0,outofstock
5905791,5905375843564,0,outofstock
5912435,5905375843724,0,outofstock
5904705,5905375843731,0,outofstock
5904706,5905375843748,0,outofstock
5904763,5905375843755,0,outofstock
5904764,5905375843762,0,outofstock
5911927,5905375843915,0,outofstock
5905899,5905375844837,0,outofstock
5905900,5905375844844,0,outofstock
5911929,5905375844875,0,outofstock
5906199,5905375844882,0,outofstock
5906201,5905375844899,0,outofstock
5907338,5905375844905,1,instock
5907339,5905375844912,0,outofstock
5907345,5905375844929,0,outofstock
5907383,5905375844936,0,outofstock
5908140,5905375844943,0,outofstock
5908141,5905375844950,0,outofstock
5909818,5905375844974,0,outofstock
5905901,5905375844998,0,outofstock
5908142,5905375845018,0,outofstock
5909819,5905375845025,0,outofstock
5907346,5905375845032,0,outofstock
5906930,5905375845056,5,instock
5906931,5905375845063,0,outofstock
5906932,5905375845070,0,outofstock
5909820,5905375845094,0,outofstock
5909821,5905375845100,0,outofstock
5905792,5905375845117,0,outofstock
5909140,5905375847357,0,outofstock
5909141,5905375847371,0,outofstock
5910406,5905375849382,0,outofstock
5910482,5905375849429,1,instock
5910485,5905375849436,0,outofstock
5910487,5905375849443,1,instock
5910491,5905375849528,0,outofstock
5913484,5905375849603,0,outofstock
5909954,5905375849726,0,outofstock
5909955,5905375849733,0,outofstock
5909956,5905375849740,0,outofstock
5910407,5905375849757,1,instock
5910408,5905375849764,1,instock
5910728,5905375851545,0,outofstock
5910732,5905375851651,0,outofstock
5910733,5905375851668,1,instock
5911930,5905375851897,0,outofstock
5911931,5905375851903,1,instock
5911932,5905375852146,0,outofstock
5911933,5905375852153,0,outofstock
5913519,5905375852993,0,outofstock
5913520,5905375853006,0,outofstock
5913521,5905375853013,0,outofstock
5913522,5905375853020,0,outofstock
5913523,5905375853037,0,outofstock
5913524,5905375853044,0,outofstock
5907241,5908288982757,0,outofstock
5907242,5908288982764,1,instock
5907232,5908288982771,0,outofstock
5907233,5908288982788,0,outofstock
5907429,5908288982931,0,outofstock
5907239,5908288982979,0,outofstock
5911934,5908288983020,1,instock
5911935,5908288983037,1,instock
5911936,5908288983044,0,outofstock
5911937,5908288983051,0,outofstock
782074,5905375835927,0,outofstock
782076,5905375835941,0,outofstock
786211,5905375835958,0,outofstock
782077,5905375835972,0,outofstock
782078,5905375835996,0,outofstock
782079,5905375836016,0,outofstock
5911938,5905375836047,0,outofstock
782083,5905375836092,0,outofstock
782084,5905375836115,0,outofstock
785553,5905375836153,0,outofstock
5903017,5905375837983,0,outofstock
5913527,5905375838010,0,outofstock
5909824,5905375838027,0,outofstock
5903019,5905375838034,0,outofstock
5903020,5905375838041,0,outofstock
5909825,5905375838065,0,outofstock
5903022,5905375838072,0,outofstock
5911939,5905375838089,0,outofstock
5903024,5905375838102,0,outofstock
5908144,5905375839369,0,outofstock
5910738,5905375849412,0,outofstock
5909957,5905375849450,0,outofstock
5909962,5905375849504,0,outofstock
5908151,5905375840631,0,outofstock
771523,5905375808235,1,instock
769739,5905375819927,0,outofstock
779597,5903792205002,15,instock
770167,7290108861181,1,instock
5905378,7290108863031,0,outofstock
770537,7290108861440,5,instock
5912751,7290108863741,1,instock
5912752,7290108863727,5,instock
5912753,7290108863710,5,instock
761902,7290108860740,5,instock
770534,7290108861228,1,instock
768601,7290108861105,5,instock
768606,7290108861112,0,outofstock
770201,7290108861136,0,outofstock
777061,7290108862263,15,instock
774527,7290108862034,1,instock
774532,7290108861693,5,instock
775859,7290108862096,0,outofstock
774529,7290108862010,1,instock
789357,7290108862850,15,instock
789356,7290108862867,0,outofstock
5907620,7290108863215,1,instock
5907619,7290108863253,0,outofstock
5911139,7290108863567,5,instock
5911138,7290108863550,5,instock
5912457,7290108863512,1,instock
777064,7290108862256,15,instock
768592,7290108861013,1,instock
771575,7290108861198,15,instock
774676,7290108861808,0,outofstock
774677,7290108861815,0,outofstock
782238,7290108862614,15,instock
786390,7290108862720,0,outofstock
5907616,7290108863284,0,outofstock
5911695,7290108863314,1,instock
5907611,7290108863185,1,instock
5907612,7290108863239,15,instock
5911136,7290108863529,5,instock
770680,7290108861044,15,instock
769643,7290108861099,5,instock
770168,7290108861365,1,instock
771784,7290108861457,5,instock
771783,7290108861464,1,instock
774675,7290108861822,5,instock
777507,7290108862232,1,instock
782237,7290108862621,0,outofstock
788982,7290108862898,1,instock
5911692,7290108863321,0,outofstock
5907617,7290108863208,5,instock
5910585,7290108863291,5,instock
5911137,7290108863536,5,instock
768466,7290108861051,1,instock
770536,7290108861211,5,instock
780137,7290108862546,5,instock
5911681,7290108863338,0,outofstock
5907622,7290108863246,1,instock
5911140,7290108863543,0,outofstock
5904674,7290108862997,1,instock
5904676,7290108863024,1,instock
5907618,7290108863222,1,instock
5911697,7290108863444,1,instock
5911683,7290108863413,1,instock
5911684,7290108863420,1,instock
5911685,7290108863369,1,instock
5911687,7290108863376,1,instock
5911689,7290108863383,0,outofstock
5911690,7290108863390,0,outofstock
5911377,7290108863123,1,instock
5911693,7290108863352,0,outofstock
778854,7290108862157,0,outofstock
778856,7290108862140,0,outofstock
5909156,7290108863307,1,instock
786621,7290108862461,0,outofstock
5909272,5904722258747,0,outofstock
5914268,5904722259003,15,instock
5911334,5010415225207,0,outofstock
5911338,5010415510082,0,outofstock
5909366,5010415211286,15,instock
5908786,5010415224378,0,outofstock
5909367,5010415225252,0,outofstock
5908790,5010415211163,0,outofstock
5909303,5010415211248,0,outofstock
5908789,5010415212245,0,outofstock
5909361,5010415224002,15,instock
5911335,5010415224057,15,instock
5908787,5010415224385,0,outofstock
11681,5010415225009,0,outofstock
5911336,5010415225696,15,instock
5909630,5010415226099,15,instock
5910571,5010415226204,0,outofstock
5909945,5010415227324,0,outofstock
5909716,5010415227393,1,instock
5908788,5010415227461,1,instock
5911337,5010415230003,0,outofstock
5912629,5010415230126,1,instock
5908785,5010415235732,0,outofstock
5909365,5010415237125,0,outofstock
5909946,5010415237460,0,outofstock
5912783,5010415245878,0,outofstock
5908791,5010415312938,0,outofstock
5912782,5010415335494,0,outofstock
5910573,,15,instock
5910574,5010415333582,1,instock
5908796,5010415333629,0,outofstock
5908794,5010415333803,5,instock
5908800,5010415334008,0,outofstock
5910575,5010415334039,0,outofstock
5910576,5010415334305,0,outofstock
5909364,5010415334404,0,outofstock
5910577,5010415334848,0,outofstock
5910582,5010415335449,15,instock
5909717,5010415335821,1,instock
5908808,5010415466297,0,outofstock
5909363,5010415467188,0,outofstock
5910583,5010415471871,0,outofstock
5910580,5010415471888,0,outofstock
5910581,5010415471895,0,outofstock
5908810,5010415478245,0,outofstock
5908813,5010415478252,1,instock
5908804,5010415478276,0,outofstock
5908815,5010415478603,1,instock
5908816,5010415478658,1,instock
5910578,5010415478719,15,instock
5909234,5055531059848,0,outofstock
5909235,5010415914903,0,outofstock
5908802,5010415916464,0,outofstock
5908801,5010415916471,1,instock
5909232,5010415916488,0,outofstock
5909233,5010415916495,0,outofstock
5912616,5010415350145,0,outofstock
5912617,5010415433602,0,outofstock
5909718,5010415510013,0,outofstock
5909719,5010415510020,0,outofstock
5909720,5010415510037,0,outofstock
5908792,5010415510068,5,instock
5908793,5010415510075,15,instock
5909855,,0,outofstock
5911059,6972633374770,1,instock
5911044,,1,instock
5914205,6976831554828,1,instock
776566,5905127000344,0,outofstock
20539,5905127003000,15,instock
778222,5905127010060,15,instock
5343,5905127010909,15,instock
778223,5905127011005,15,instock
781880,5905127011456,1,instock
781877,5905127011913,15,instock
5905150,5905127011920,0,outofstock
5905149,,1,instock
17088,5905127020106,15,instock
4449,5905127020120,15,instock
4451,5905127020229,15,instock
762501,5905127020335,15,instock
17070,5905127020366,15,instock
14794,5905127020403,5,instock
12350,5905127020557,15,instock
786522,5905127022209,1,instock
777720,5905127040159,5,instock
769903,5905127040258,0,outofstock
781883,5905127090901,15,instock
775395,590510090191,15,instock
781884,5905127090215,15,instock
781885,5905127090673,15,instock
763094,5905127101256,15,instock
763341,5905127101263,5,instock
761974,,5,instock
762500,5905127210040,15,instock
762499,,15,instock
4181,,15,instock
9980,5905127210019,15,instock
1589,5905127210026,5,instock
16922,5905127210033,15,instock
779475,5905127210637,0,outofstock
768277,5905127210736,1,instock
763829,5905127210057,1,instock
16422,5905127210064,15,instock
8221,5905127210323,15,instock
764331,5905127210354,15,instock
781886,5905127210378,1,instock
763095,5905127210408,1,instock
763568,5905127210477,15,instock
764174,5905127210491,5,instock
781887,5905127210743,15,instock
769091,5905127210750,0,outofstock
768276,5905127210644,5,instock
771574,5905127210873,15,instock
5907492,5905121234219,1,instock
781876,5905127343090,15,instock
781881,5905127343106,1,instock
781879,5905127345353,15,instock
781878,5905127345766,15,instock
5907491,5905125437685,5,instock
5907493,5905124563422,15,instock
790290,5905127210712,0,outofstock
781994,5905127766110,15,instock
17062,5905127801057,0,outofstock
789598,5905127901108,1,instock
773718,5905127991239,1,instock
789586,5900511613858,1,instock
789587,5900511615395,1,instock
789610,5900511615517,1,instock
5903880,5900511616071,1,instock
5904080,5900511616095,1,instock
790867,5900511616101,1,instock
790876,5900511617856,1,instock
5911214,5900511619126,1,instock
5911958,5900511620474,1,instock
789624,0871772000297,15,instock
5907371,6943478025479,0,outofstock
5907372,6943478037489,1,instock
783720,5900511002393,5,instock
781514,5900511009880,5,instock
787392,5900511017533,1,instock
781521,,1,instock
783729,5900511018936,5,instock
783731,5900511018950,5,instock
783737,5900511019025,1,instock
783738,5900511019049,1,instock
783739,5900511019056,1,instock
785924,5900511019070,1,instock
783743,5900511019117,5,instock
783744,5900511019124,1,instock
783746,5900511019209,5,instock
783748,5900511019223,1,instock
783762,5900511019575,0,outofstock
783763,5900511019582,15,instock
783767,5900511020380,5,instock
783773,5900511020564,5,instock
783775,5900511020601,1,instock
783776,5900511020625,1,instock
783777,5900511020632,1,instock
787345,5900511020663,5,instock
781529,5900511020687,1,instock
783781,5900511020700,1,instock
783785,5900511020809,1,instock
785931,5900511021219,15,instock
783788,5900511021226,5,instock
788464,5900511022568,0,outofstock
787522,5900511022629,15,instock
788465,5900511022636,1,instock
788549,5900511022643,0,outofstock
788897,5900511022667,1,instock
788550,5900511022674,5,instock
788551,5900511022681,5,instock
788900,5900511022735,1,instock
790222,5900511022773,1,instock
790071,,1,instock
787521,5900511022827,15,instock
790073,5900511022896,1,instock
789231,5900511022988,5,instock
790075,,1,instock
787394,5900511023015,15,instock
5905509,5900511023046,0,outofstock
790078,5900511023374,0,outofstock
790225,5900511023398,5,instock
790226,5900511023404,5,instock
790087,5900511023428,1,instock
790088,5900511023435,1,instock
790090,5900511023459,5,instock
5905510,5900511023893,1,instock
5906768,5900511024340,1,instock
5906769,5900511024357,1,instock
5905511,5900511024371,1,instock
5910180,5900511024388,1,instock
5905512,5900511024425,1,instock
5905703,5900511025125,1,instock
5910181,5900511025149,1,instock
5906771,5900511025156,5,instock
5908989,5900511025484,1,instock
5910182,5900511025774,1,instock
5908990,5900511025798,0,outofstock
5910184,5900511025811,5,instock
5908991,5900511025903,1,instock
5908992,5900511025927,5,instock
5908993,5900511025934,1,instock
5908994,5900511025941,1,instock
5910186,5900511025958,1,instock
5910187,5900511026009,1,instock
5911000,5900511026016,1,instock
5910608,5900511026528,5,instock
5911001,5900511026566,1,instock
5914181,5900511026573,1,instock
5910280,5900511026870,1,instock
5910188,5900511026887,5,instock
5910189,5900511026894,5,instock
5910248,5900511026900,1,instock
5910249,5900511026917,5,instock
5911002,5900511026955,5,instock
5911003,5900511026962,5,instock
5910251,5900511026986,0,outofstock
5913978,5900511027341,15,instock
5912063,5900511027372,5,instock
5911531,5900511027983,1,instock
5911921,5900511027990,5,instock
5911532,5900511028003,15,instock
5912237,5900511028027,1,instock
5914388,5900511028034,5,instock
5912277,5900511028065,1,instock
5912278,5900511028072,0,outofstock
5914389,5900511028102,5,instock
5912239,5900511028119,0,outofstock
5914390,5900511028126,5,instock
5912014,5900511028140,15,instock
5914146,5900511028157,15,instock
5913980,5900511028164,5,instock
5914182,5900511028225,5,instock
5913981,5900511028270,1,instock
5914183,5900511028980,1,instock
5914392,5900511029109,5,instock
5914032,5900511029123,1,instock
5914874,5900511029659,5,instock
5910281,5900511108828,1,instock
5905518,590051111101,0,outofstock
783833,5900511132359,1,instock
5909488,5900511133042,15,instock
5911141,5900511133059,1,instock
5911341,5900511133103,1,instock
5910609,5900511133165,1,instock
5912240,5900511133264,1,instock
5912427,5900511133325,15,instock
5912244,5900511133332,5,instock
5911463,5900511133349,1,instock
5912245,5900511133363,5,instock
5911922,5900511133424,0,outofstock
5912246,5900511133486,0,outofstock
783848,5900511142891,1,instock
783860,5900511143195,15,instock
5906782,5900511143218,1,instock
783862,5900511143256,1,instock
787894,5900511143454,1,instock
789739,5900511143478,5,instock
788469,5900511143485,0,outofstock
5906772,5900511143577,1,instock
5906773,5900511143607,1,instock
5906854,5900511143638,0,outofstock
5910610,5900511143713,1,instock
5911143,5900511143744,1,instock
5914244,5900511143751,1,instock
783869,5900511153606,1,instock
783871,5900511153682,0,outofstock
781539,5900511153743,5,instock
789742,5900511154115,1,instock
5912247,5900511154139,5,instock
5911004,5900511154238,0,outofstock
5912248,5900511154252,15,instock
5914697,5900511154290,5,instock
5914034,5900511154313,5,instock
5913984,5900511154320,1,instock
5913986,5900511154337,15,instock
783892,5900511163872,5,instock
789747,5900511164138,1,instock
787032,5900511164220,15,instock
789754,5900511164312,15,instock
5905544,5900511164541,5,instock
5914245,5900511164596,1,instock
5905715,5900511164602,0,outofstock
5910255,5900511164701,5,instock
5906774,5900511164718,5,instock
5909487,5900511164732,5,instock
5910256,5900511164749,15,instock
5911206,5900511164770,5,instock
5910257,5900511164787,15,instock
5911207,5900511164817,0,outofstock
5914153,5900511164831,15,instock
5911342,5900511164862,5,instock
5912249,5900511164879,1,instock
5912279,5900511164893,1,instock
5912280,5900511164909,1,instock
5912250,5900511164916,1,instock
5914696,5900511164923,15,instock
5912251,5900511164930,1,instock
5912281,5900511164947,5,instock
5912252,5900511164954,15,instock
5912282,5900511164978,15,instock
5913989,5900511165159,15,instock
5914154,5900511165173,15,instock
5914155,5900511165180,15,instock
5914156,5900511165197,15,instock
5914147,5900511165203,15,instock
5911923,5900511165210,15,instock
5913990,5900511165234,15,instock
5912253,5900511165241,5,instock
5913992,5900511165364,1,instock
5913993,5900511165371,15,instock
5913999,5900511165388,0,outofstock
5914246,5900511165609,1,instock
5914157,5900511165616,15,instock
5914158,5900511165623,15,instock
5914159,5900511165630,5,instock
5914160,5900511165647,15,instock
5914247,5900511165654,1,instock
783909,5900511173260,1,instock
783913,5900511173338,5,instock
783916,5900511173451,5,instock
783921,5900511173574,1,instock
783924,5900511173611,15,instock
787901,5900511173727,15,instock
789760,5900511173772,15,instock
5905546,5900511173796,15,instock
5914248,5900511173833,15,instock
5906775,5900511173840,15,instock
5905721,5900511173864,1,instock
5905722,5900511173871,1,instock
5905723,5900511173895,5,instock
5909486,5900511173925,15,instock
5908177,5900511173932,15,instock
5910258,5900511173949,15,instock
5910259,5900511173956,15,instock
5911005,5900511173970,15,instock
5910260,5900511173987,15,instock
5911390,5900511174007,15,instock
5912283,5900511174038,0,outofstock
5914036,5900511174045,5,instock
5914758,5900511174052,15,instock
5914759,5900511174069,15,instock
5914161,5900511174076,15,instock
5914001,5900511174083,5,instock
5914003,5900511174120,0,outofstock
5914004,5900511174151,5,instock
789761,5900511182781,5,instock
787902,5900511182859,1,instock
789764,5900511182866,0,outofstock
789765,5900511182873,15,instock
5903843,5900511182897,15,instock
5906858,5900511182958,1,instock
5905549,5900511182972,15,instock
5905724,5900511182989,1,instock
5906776,5900511183009,1,instock
5909485,5900511183023,15,instock
5910262,5900511183030,15,instock
5909484,5900511183054,15,instock
5910263,5900511183061,1,instock
5910282,5900511183078,15,instock
5910283,5900511183085,15,instock
5910284,5900511183092,15,instock
5910265,5900511183108,5,instock
5911006,5900511183122,0,outofstock
5911007,5900511183139,15,instock
5914162,5900511183177,15,instock
5912254,5900511183191,1,instock
5914164,5900511183221,15,instock
5914008,5900511183238,15,instock
5912255,5900511183252,15,instock
5914011,5900511183344,15,instock
5906862,5900511201864,1,instock
5906993,5900511201871,1,instock
5906994,5900511201888,1,instock
5906996,5900511201918,1,instock
5906997,5900511201932,1,instock
5906863,5900511201994,5,instock
5906864,5900511202014,0,outofstock
783940,5900511230024,1,instock
790810,5900511230130,0,outofstock
5905550,5900511230192,5,instock
5914860,5900511300666,0,outofstock
5914861,5900511300673,5,instock
5914862,5900511300697,0,outofstock
5914863,5900511300703,15,instock
5914864,5900511300710,1,instock
787039,5900511313642,1,instock
787041,5900511313932,15,instock
5914165,5900511343489,1,instock
783964,5900511343588,5,instock
783967,5900511343700,1,instock
789778,5900511343830,0,outofstock
787020,5900511343953,0,outofstock
5911391,5900511344325,5,instock
5911392,5900511344332,15,instock
5911393,5900511344349,0,outofstock
5911395,5900511344363,0,outofstock
5911396,5900511344370,15,instock
5911397,5900511344387,15,instock
5911369,5900511344394,15,instock
5911370,5900511344400,15,instock
5911372,5900511344424,1,instock
5911373,5900511344431,1,instock
5911398,590051134448,15,instock
5911374,5900511344462,0,outofstock
5914015,5900511344479,1,instock
789785,5900511346091,0,outofstock
790814,5900511346145,0,outofstock
5903848,5900511346190,15,instock
5905727,5900511346220,1,instock
5905728,5900511346237,1,instock
5905730,5900511346275,1,instock
5914184,5900511346329,5,instock
5910268,5900511346497,1,instock
5910285,5900511346510,15,instock
5911020,5900511346527,5,instock
5911204,5900511346534,15,instock
5910269,5900511346541,5,instock
5911205,5900511346565,0,outofstock
5911021,5900511346572,1,instock
5914166,5900511346589,1,instock
5914167,5900511346640,0,outofstock
5914168,5900511346664,15,instock
5914169,5900511346695,5,instock
5914170,5900511346725,0,outofstock
783973,5900511348378,15,instock
783979,5900511348507,15,instock
783981,5900511348538,15,instock
5903849,5900511348620,5,instock
5905555,5900511348682,5,instock
5905731,5900511348699,0,outofstock
5905732,5900511348705,1,instock
5909489,5900511348712,5,instock
5910270,5900511348729,1,instock
5914185,5900511348736,0,outofstock
5911399,5900511348767,0,outofstock
5911400,5900511348774,5,instock
5911401,5900511348781,0,outofstock
5911343,5900511348804,1,instock
5911402,5900511348811,1,instock
5911403,5900511348835,15,instock
5911404,5900511348842,0,outofstock
5911405,5900511348859,15,instock
5911407,5900511348873,5,instock
5914021,5900511348880,15,instock
5911408,5900511348897,0,outofstock
5911375,5900511348903,0,outofstock
5911409,5900511348910,0,outofstock
5914187,5900511348941,1,instock
5914171,5900511348958,0,outofstock
5914172,5900511348965,15,instock
5914757,5900511348972,0,outofstock
783982,5900511360707,15,instock
782770,5900511360714,0,outofstock
783983,5900511360721,15,instock
783984,5900511360738,15,instock
783985,5900511360745,0,outofstock
782771,5900511360752,15,instock
783992,5900511360950,1,instock
5903850,5900511361278,1,instock
5907408,5900511361292,15,instock
5911344,5900511361353,15,instock
5914387,5900511361360,15,instock
5914695,5900511361377,15,instock
5914025,5900511361384,15,instock
5914028,5900511361391,5,instock
5914029,5900511400465,1,instock
5912256,5900511400533,0,outofstock
5912257,5900511400540,1,instock
5912258,5900511400557,1,instock
5912259,5900511400564,5,instock
5912260,5900511400571,1,instock
5902752,5900511410006,15,instock
5902753,5900511410013,15,instock
5902754,5900511410020,15,instock
5902902,5900511410068,15,instock
5902757,5900511410075,15,instock
5902758,5900511410082,15,instock
5902760,5900511410105,15,instock
5902761,5900511410112,15,instock
5902762,5900511410129,15,instock
5903146,5900511410143,15,instock
5903147,5900511410150,5,instock
5902763,5900511420005,15,instock
5902764,5900511420012,0,outofstock
5902767,5900511420043,1,instock
5903148,5900511420081,15,instock
5914174,5900511420098,15,instock
5902769,5900511430004,15,instock
5902773,5900511430042,15,instock
5902774,5900511430059,15,instock
5914188,5900511430073,15,instock
5902781,5900511500097,15,instock
5902783,5900511500110,15,instock
5902786,5900511500141,1,instock
5902787,5900511500158,5,instock
5902788,5900511500165,15,instock
5902789,5900511500189,15,instock
5902790,5900511500202,1,instock
5902792,5900511500233,1,instock
5903149,5900511500240,5,instock
5903150,5900511500271,1,instock
5905561,5900511500394,1,instock
5902800,5900511530162,15,instock
789575,5900511607970,1,instock
782715,5900511611311,1,instock
782716,5900511611335,1,instock
782720,5900511611359,5,instock
786540,5900511612653,1,instock
790175,5900511613391,1,instock
790176,5900511613407,1,instock
782709,5900511613421,1,instock
5910168,5900511613902,1,instock
790878,5900511613957,1,instock
790879,5900511613964,1,instock
782696,5900511613988,1,instock
782710,5900511614008,1,instock
782711,5900511614039,5,instock
782712,5900511614053,0,outofstock
786218,5900511614459,0,outofstock
786221,5900511614985,5,instock
786222,5900511614992,1,instock
786229,590051161506,0,outofstock
786237,590051161509,1,instock
786238,5900511615104,1,instock
789578,5900511615128,1,instock
786239,5900511615135,1,instock
5910286,5900511615159,1,instock
786241,590051161516,0,outofstock
786242,5900511615173,1,instock
786245,5900511615203,1,instock
5906553,5900511615241,1,instock
5907368,5900511615715,1,instock
5908995,5900511615739,0,outofstock
789081,5900511615913,1,instock
789083,5900511615937,1,instock
791147,5900511616316,1,instock
5906557,5900511616385,1,instock
5903875,5900511616408,1,instock
789617,5900511616590,1,instock
789618,5900511616606,1,instock
789619,5900511616613,5,instock
782719,5900511616903,1,instock
5903877,5900511616910,1,instock
786247,590051161568,1,instock
5903879,5900511617009,1,instock
789616,5900511617023,1,instock
786227,5900511617160,0,outofstock
786243,5900511617412,1,instock
5910287,5900511617528,1,instock
790111,5900511617665,1,instock
790112,5900511617672,0,outofstock
790113,5900511617689,1,instock
5908526,5900511617870,1,instock
5908529,5900511618167,1,instock
5908531,5900511618235,0,outofstock
5912261,5900511618884,0,outofstock
5910170,5900511619386,1,instock
5910171,5900511619393,1,instock
5911022,5900511619645,0,outofstock
5910179,5900511619669,1,instock
5910409,5900511619683,1,instock
5910410,5900511619690,1,instock
5910411,5900511619706,1,instock
5910412,5900511619713,1,instock
5910414,5900511619737,1,instock
5910415,5900511619744,1,instock
5910416,5900511619751,1,instock
5910417,5900511619768,1,instock
5910418,5900511619775,1,instock
5910419,5900511619782,1,instock
5910420,5900511619799,1,instock
5910421,5900511619805,1,instock
5910422,5900511619812,1,instock
5910423,5900511619829,1,instock
5910424,5900511619874,1,instock
5910425,5900511620030,1,instock
5910426,5900511620047,1,instock
5910427,5900511620054,1,instock
5910429,,1,instock
5912192,5900511626001,5,instock
5912193,5900511626018,1,instock
5912194,5900511626025,0,outofstock
5912195,5900511626032,15,instock
5912196,5900511626049,1,instock
5912198,5900511626063,15,instock
5914307,5900511626070,0,outofstock
5914306,5900511626117,1,instock
5914308,5900511626124,5,instock
5902796,5900511931648,15,instock
5902795,5900511931655,0,outofstock
5902794,5900511931662,15,instock
5905562,5900511933338,1,instock
5905563,5900511933352,15,instock
5905564,5900511933826,15,instock
5914176,5900511935851,15,instock
5911145,5900511936568,15,instock
790883,5900511614664,1,instock
790884,5900511614671,1,instock
790885,5900511614688,1,instock
771438,5010415212269,1,instock
19880,5010415230164,5,instock
6204,5010415235688,1,instock
789786,,1,instock
784506,5010415236265,15,instock
784507,5010415236272,5,instock
1611,5010415333575,5,instock
762646,5010415333865,15,instock
762647,5010415333872,5,instock
762649,5010415333896,1,instock
768471,5010415334091,15,instock
768470,5010415334107,15,instock
777534,5010415364722,5,instock
25609,5010415470249,1,instock
765226,5010415471031,15,instock
787705,5010415471543,1,instock
5906135,5010415471604,5,instock
775883,5010415472007,15,instock
775882,5010415472014,15,instock
775884,5010415472038,1,instock
775878,5010415472083,0,outofstock
5904364,5010415478221,15,instock
5904365,5010415478306,0,outofstock
19944,5010415635143,15,instock
5903645,5010415478238,5,instock
774470,5905094770127,0,outofstock
774471,5905094770172,1,instock
774472,5905094770233,1,instock
774473,5905094770257,0,outofstock
774475,5905094770356,1,instock
774491,5905094771230,0,outofstock
774493,5905094771254,1,instock
774496,5905094771551,0,outofstock
774497,5905094771568,1,instock
789822,5905094771773,0,outofstock
789823,5905094771780,1,instock
789824,5905094771797,0,outofstock
785425,5905094774163,0,outofstock
785432,5905094774248,0,outofstock
787694,5905094774415,0,outofstock
790976,5905094774491,0,outofstock
774503,5905094774507,1,instock
774504,5905094774538,1,instock
774506,5905094774576,0,outofstock
779640,5905094774644,0,outofstock
784575,5905094774729,0,outofstock
784560,5905094774750,1,instock
5904688,5905094774958,0,outofstock
774510,5905094775085,1,instock
774511,5905094775092,0,outofstock
776189,5905094775122,0,outofstock
5907817,5905094775177,0,outofstock
5911792,5905094775191,0,outofstock
5912155,5905094775214,0,outofstock
5911789,5905094776044,1,instock
5909325,5905094776082,0,outofstock
5911788,5905094776105,1,instock
5911962,5905094776143,1,instock
5912152,5905094776150,1,instock
5912153,5905094776167,0,outofstock
5913821,5905094776181,0,outofstock
5911787,5905094776204,0,outofstock
5912543,5905094777027,0,outofstock
5913822,5905094777065,0,outofstock
5913827,5905094777072,0,outofstock
5913823,5905094777089,0,outofstock
5913824,5905094777096,0,outofstock
5914123,5905094778000,0,outofstock
5914368,5905094778024,1,instock
5914121,5905094778109,1,instock
785705,6971608440014,1,instock
785707,6971608440038,1,instock
785708,6971608440045,1,instock
785709,6971608440052,0,outofstock
785919,6971608440069,0,outofstock
785920,6971608440076,1,instock
785710,6971608440083,1,instock
785921,6971608440090,1,instock
785714,6971608440113,0,outofstock
785930,6971608440137,0,outofstock
785932,6971608440144,1,instock
785934,6971608440151,0,outofstock
785935,6971608440168,0,outofstock
785936,6971608440182,1,instock
785937,6971608440199,1,instock
785719,6971608440205,1,instock
785938,6971608440229,0,outofstock
785724,6971608440236,15,instock
785940,6971608440250,5,instock
785944,6971608440267,0,outofstock
786787,6971608440281,0,outofstock
791142,,1,instock
791144,6971608440304,0,outofstock
785946,6971608440311,1,instock
785729,6971608440328,1,instock
785947,6971608440335,1,instock
786826,6971608440342,0,outofstock
791440,6971608440403,1,instock
785948,6971608440410,0,outofstock
785950,6971608440434,0,outofstock
785951,6971608440465,1,instock
785952,6971608440472,1,instock
785953,6971608440489,1,instock
785954,6971608440496,1,instock
785955,6971608440502,1,instock
786005,6971608440526,1,instock
791150,6971608440533,1,instock
791443,6971608440540,1,instock
786171,6971608440564,1,instock
791037,,1,instock
786006,6971608440601,0,outofstock
5904855,6971608440656,1,instock
791155,6971608440663,0,outofstock
786795,6971608440670,1,instock
786823,6971608440700,1,instock
791040,6971608440779,1,instock
5913438,6971608440816,0,outofstock
5913437,6971608440823,0,outofstock
791156,6971608440847,5,instock
791442,6971608440854,0,outofstock
791427,,1,instock
791038,,15,instock
791033,6971608440892,0,outofstock
791034,6971608440908,1,instock
791035,6971608440915,1,instock
791158,6971608440922,1,instock
791428,,1,instock
791441,,1,instock
5913436,6971608440984,0,outofstock
5907184,,1,instock
5904857,,1,instock
5904858,6971608442025,1,instock
5907183,6971608442032,1,instock
5904854,6971608442049,1,instock
5905929,6971608442070,1,instock
5905921,6971608442087,1,instock
5910812,,1,instock
5905919,6971608442100,0,outofstock
5905945,6971608442117,0,outofstock
5905944,6971608442124,1,instock
5913899,6971608442148,1,instock
5905942,6971608442155,1,instock
5905940,6971608442162,1,instock
5905938,6971608442179,1,instock
5905935,6971608442193,1,instock
5907178,,1,instock
5905933,6971608442216,1,instock
5907175,6971608442223,1,instock
5907174,6971608442230,0,outofstock
5907173,6971608442247,1,instock
5907172,6971608442254,1,instock
5908515,6971608442261,0,outofstock
5907991,6971608442292,0,outofstock
5907990,6971608442315,0,outofstock
5907956,6971608442353,1,instock
5907957,6971608442360,0,outofstock
5909859,6971608442377,0,outofstock
5909112,,1,instock
5909111,,5,instock
5909110,,1,instock
5909391,6971608442414,1,instock
5909850,6971608442421,1,instock
5909389,6971608442438,5,instock
5909390,6971608442445,1,instock
5909856,,0,outofstock
5913435,6971608442469,0,outofstock
5910139,6971608442490,0,outofstock
5910140,,1,instock
5914868,6971608442568,0,outofstock
5911875,,1,instock
5914871,6971608442582,1,instock
5913892,6971608442605,1,instock
5911055,6971608442643,1,instock
5911054,,1,instock
5910815,,1,instock
5914872,6971608442674,0,outofstock
5913327,6971608442681,0,outofstock
5913322,6971608442704,0,outofstock
5914869,6971608442728,0,outofstock
5911722,6971608442735,1,instock
5914865,6971608442742,0,outofstock
5913321,,0,outofstock
5911876,6971608442766,0,outofstock
5913323,6971608442780,0,outofstock
5913983,6971608442797,0,outofstock
5913976,6971608442803,1,instock
5913882,6971608442810,1,instock
5913324,6971608442834,1,instock
5914024,6971608442841,1,instock
5913325,6971608442858,1,instock
5914022,6971608442865,0,outofstock
5914023,6971608442933,0,outofstock
5913895,6971608442964,1,instock
5913977,6971608442988,1,instock
5914531,,0,outofstock
5913326,6971608443268,1,instock
5906784,6971608445040,1,instock
786173,6971608445088,0,outofstock
785738,6971608445156,5,instock
5913328,,1,instock
5911870,6971608445385,1,instock
5906785,6971608445453,1,instock
791044,,1,instock
791053,6971608445712,1,instock
5913995,6971608445767,0,outofstock
5904293,,1,instock
791047,6971608446306,1,instock
5904302,,0,outofstock
5904301,,1,instock
5904303,6971608446528,1,instock
5907170,,1,instock
5905916,6971608446719,1,instock
5904296,,1,instock
5905915,6971608446771,0,outofstock
5905914,6971608446801,1,instock
5904294,,1,instock
5905908,6971608446900,1,instock
5907992,,1,instock
5909905,6971608447198,0,outofstock
5909857,,1,instock
5910138,6971608447525,0,outofstock
5911869,,1,instock
5911868,,1,instock
5911867,,1,instock
5911866,,1,instock
5911877,,1,instock
5911874,,1,instock
5911873,,1,instock
5911872,,1,instock
5913988,6971608447839,1,instock
5913985,6971608447891,1,instock
5913987,6971608447907,1,instock
5913979,6971608447914,1,instock
5913887,6971608447938,1,instock
5913894,6971608447969,0,outofstock
5914867,6971608448010,1,instock
5914219,6971608448027,0,outofstock
5914866,6971608448034,1,instock
5913886,6971608448188,1,instock
5913884,6971608448195,1,instock
5913883,6971608448201,1,instock
785957,6934510500412,1,instock
5909100,,0,outofstock
785740,6934510500641,1,instock
785744,6934510500788,1,instock
785749,6934510500801,1,instock
786007,6934510502010,1,instock
786439,6934510502348,1,instock
785962,6934510503871,1,instock
785764,6934510505301,1,instock
785770,6934510505325,1,instock
5907330,6934510506681,1,instock
5904625,6934510508104,1,instock
785773,6934510508128,1,instock
785967,6934510508142,0,outofstock
785968,6934510508159,1,instock
785969,6934510508173,0,outofstock
785970,6934510508197,1,instock
785971,6934510508203,1,instock
785972,6934510508210,1,instock
785973,6934510508227,0,outofstock
5906786,6934510509507,1,instock
785775,6934510509613,1,instock
785977,6934510509620,0,outofstock
785778,6934510509637,1,instock
785978,6934510509644,0,outofstock
785995,6934510516123,0,outofstock
785996,6934510516147,0,outofstock
5904304,,1,instock
5910813,6934510527297,0,outofstock
5906787,6934510541231,1,instock
786177,6934510560027,1,instock
786012,6934510564032,1,instock
5909101,6934510584993,0,outofstock
5908380,,1,instock
5914258,5906280658304,1,instock
5913888,6971608447983,0,outofstock
25530,5900694109155,1,instock
6764,5900694109506,15,instock
776212,5900694109520,1,instock
770687,5900694109582,5,instock
779515,5900694221307,1,instock
779514,5900694221703,1,instock
5914501,5900694254015,1,instock
5904436,5900694254114,1,instock
5904437,5900694254206,1,instock
5904438,5900694254312,1,instock
12652,5900694254510,0,outofstock
782290,5900694254718,0,outofstock
767954,5900694321045,0,outofstock
767956,,1,instock
767959,5900694321137,1,instock
767962,5900694321144,1,instock
767961,5900694321212,0,outofstock
767963,5900694321229,1,instock
767964,5900694321236,1,instock
767965,5900694321243,0,outofstock
11430,5900694321700,1,instock
24791,5900694322103,0,outofstock
24792,5900694322202,1,instock
786296,5900694322417,0,outofstock
24793,5900694323308,1,instock
773927,5900694323605,0,outofstock
773928,5900694323704,1,instock
770688,5900694323803,0,outofstock
773929,5900694323902,0,outofstock
786968,5900694350021,0,outofstock
786969,5900694350038,0,outofstock
766352,5900694350229,0,outofstock
5914978,5900694350236,1,instock
5910963,5900694352032,0,outofstock
5910964,5900694352049,0,outofstock
786970,5900694352230,1,instock
786971,5900694352247,5,instock
786298,5900694353114,1,instock
786299,5900694353121,0,outofstock
786300,5900694353138,0,outofstock
786302,5900694353152,0,outofstock
784456,5900694353169,0,outofstock
784459,5900694353176,1,instock
784457,5900694353183,0,outofstock
784458,,0,outofstock
764977,5900694353602,1,instock
784455,5900694353671,1,instock
784453,5900694353688,1,instock
784454,,0,outofstock
5910587,5910069436205,1,instock
5910588,5900694362116,1,instock
5910589,5900694362215,1,instock
5911209,5900694362314,1,instock
5909228,5900694363212,1,instock
5911210,5900694364318,1,instock
5911212,5900694364417,1,instock
5910961,5900694364615,1,instock
5911213,5900694364714,1,instock
5905081,5900694411029,0,outofstock
5905083,5900694411043,0,outofstock
5905084,5900694411050,0,outofstock
5905085,5900694411067,1,instock
5905101,5900694411227,1,instock
5905102,5900694411234,0,outofstock
5905103,5900694411241,0,outofstock
5905104,5900694411258,0,outofstock
5905105,5900694411265,1,instock
5905106,5900694411319,0,outofstock
5905107,5900694411326,1,instock
5905109,5900694411340,1,instock
5905110,5900694411357,0,outofstock
5905111,5900694411364,1,instock
5905112,5900694411418,0,outofstock
5905113,5900694411425,1,instock
5905114,5900694411432,0,outofstock
5905115,5900694411449,1,instock
5905116,5900694411456,0,outofstock
5905117,5900694411463,1,instock
782291,5900694412941,1,instock
782293,5900694412965,0,outofstock
24963,5900694413405,1,instock
786996,,0,outofstock
786997,,1,instock
786998,,1,instock
777733,,0,outofstock
783115,5900694422407,1,instock
782965,,1,instock
5906296,5900694430808,1,instock
5906298,5900694431003,1,instock
5906301,5900694431102,1,instock
5906299,590069441300,1,instock
5906300,5900694431409,0,outofstock
5906302,5900694433007,0,outofstock
5906303,5900694433106,1,instock
765207,5900694503007,0,outofstock
765208,5900694503106,0,outofstock
779511,5900694504615,0,outofstock
779510,5900694504714,1,instock
777730,,1,instock
779508,5900694530102,0,outofstock
779509,5900694530300,0,outofstock
780367,,0,outofstock
777014,,1,instock
777019,,1,instock
786304,5900694600225,1,instock
786305,5900694600232,0,outofstock
786307,5900694600256,1,instock
5908573,5900694640108,0,outofstock
5908574,5900694640207,1,instock
5908576,5900694640306,1,instock
5912284,5900694640405,1,instock
5914976,5900694640504,1,instock
5908577,5900694645004,1,instock
5908578,5900694645103,0,outofstock
5908579,5900694645202,0,outofstock
5908580,5900694645301,1,instock
5912285,5900694645400,1,instock
5914977,5900694645509,1,instock
19347,5900694650008,1,instock
775052,5900694650022,1,instock
24811,5900694650053,1,instock
765200,5900694650060,1,instock
25526,5900694650152,1,instock
5912286,5900694650282,1,instock
5912287,5900694650299,1,instock
24798,5900694651005,1,instock
24805,5900694660007,1,instock
11573,5900694660052,1,instock
25528,5900694660151,1,instock
5912288,5900694660281,1,instock
5912289,5900694660298,1,instock
19348,5900694661004,1,instock
19355,5900694663008,1,instock
764679,5900694670150,1,instock
764680,,1,instock
24708,5900694703407,1,instock
24732,5900694710801,0,outofstock
760324,5900694711303,1,instock
779520,,1,instock
788311,5900694719811,0,outofstock
767347,5900694734005,0,outofstock
5908481,5900694736603,1,instock
5912290,5900694745018,1,instock
5912291,5900694745025,1,instock
5912292,5900694745049,1,instock
5912293,5900694745056,1,instock
782297,5900694748019,1,instock
782298,5900694748026,1,instock
782300,5900694748040,5,instock
5914979,5900694748057,5,instock
24706,5900694749009,1,instock
25653,5900694750371,1,instock
11197,5900694761506,1,instock
767350,5900694771376,0,outofstock
767354,5900694776371,1,instock
767348,5900694778146,0,outofstock
767349,5900694778160,1,instock
763844,,1,instock
763845,5900694779419,1,instock
18113,5900694800205,0,outofstock
5904449,5900694810105,1,instock
782309,5900694811232,1,instock
779521,5900694811355,0,outofstock
779235,5900694811379,1,instock
787821,5900694811539,1,instock
787858,5900694813410,1,instock
779219,5900694813427,0,outofstock
789289,5900694814707,1,instock
788308,5900694815414,0,outofstock
787861,,1,instock
787862,5900694816428,1,instock
779236,5900694818149,1,instock
779233,5900694818163,0,outofstock
5912294,5900694821231,1,instock
5911665,5900694821415,1,instock
5911666,5900694821521,1,instock
5911667,5900694821538,0,outofstock
5912296,5900694821705,1,instock
5910962,5900694821903,0,outofstock
5912300,5900694822238,1,instock
5912301,5900694822412,1,instock
5912303,5900694822535,1,instock
5912305,5900694822603,1,instock
5912306,5900694822702,1,instock
5912308,5900694823419,1,instock
5912309,5900694823426,0,outofstock
5912310,5900694831100,1,instock
5912311,5900694831230,0,outofstock
5912312,5900694831414,1,instock
5912315,5900694831537,0,outofstock
5912316,5900694831605,0,outofstock
5912318,5900694831810,0,outofstock
5904459,8592168272730,1,instock
781778,8592168272877,1,instock
5905959,5902745553368,0,outofstock
5905952,5902745543154,1,instock
779293,5902745548128,1,instock
775976,5902745545400,0,outofstock
790942,5902745553825,1,instock
5913297,5906280655068,1,instock
5914713,5902745614298,0,outofstock
5914709,5902745614250,0,outofstock
5914705,5902745614212,0,outofstock
5914712,5902745614281,1,instock
5914700,5902745614168,0,outofstock
5914708,5902745614243,0,outofstock
5914704,5902745614205,0,outofstock
5914710,5902745614267,1,instock
5914698,5902745614144,1,instock
5914706,5902745614229,1,instock
5914702,5902745614182,1,instock
5914699,5902745614151,1,instock
5914711,5902745614274,1,instock
5914707,5902745614236,0,outofstock
5914703,5902745614199,0,outofstock
5914061,5902745613079,0,outofstock
5914063,5902745613123,0,outofstock
5913259,5902745612621,0,outofstock
5913279,5902745612775,0,outofstock
5913276,5902745612720,0,outofstock
5913265,5902745612676,0,outofstock
5914065,5902745613994,0,outofstock
5914070,5902745614113,0,outofstock
5914067,5902745614038,0,outofstock
5913256,5902745612614,0,outofstock
5913278,5902745612768,0,outofstock
5913274,5902745612713,0,outofstock
5913262,5902745612669,0,outofstock
5914069,5902745614106,1,instock
5913280,5902745614069,1,instock
5914066,5902745614021,1,instock
5914365,7290107721424,0,outofstock
5911835,7290107722001,0,outofstock
5914362,7290107721554,1,instock
5911836,7290107722179,0,outofstock
5911837,7290107722223,1,instock
5914366,7290107724227,0,outofstock
5911838,7290107724616,1,instock
5911839,7290107722629,0,outofstock
5911840,7290107722636,0,outofstock
5911841,7290107723039,1,instock
5911842,7290107723053,0,outofstock
5911843,7290107723060,0,outofstock
5911845,7290107723213,0,outofstock
5911846,7290107723237,5,instock
5914364,7290107722919,0,outofstock
5914151,7290107723190,1,instock
2006238263,5713034208193,1,instock
2006238954,5713034213920,0,outofstock
2006238955,5713034213937,1,instock
2006238956,5713034213944,1,instock
FB1352,5713034224940,5,instock
FB1430,5713034227675,0,outofstock
FB1431,5713034227699,3,instock
FB1504,5713034273740,1,instock
FB1508,5713034273900,1,instock
z3201,191856079026,6,instock
z3013,617762138959,5,instock
z3014,650726210063,1,instock
z3017,753068880311,72,instock
z3015,753068880380,33,instock
z3016,753068880397,12,instock
z3011,753068880694,16,instock
z3012,753068880717,2,instock
z3164,857598005005,2,instock
z3165,857598005012,6,instock
z2676,2780015670013,7,instock
z3218,,0,outofstock
z2679,2780015670051,79,instock
z2678,2780015670136,109,instock
z2677,2780015670174,48,instock
z2680,2780015670211,136,instock
z3217,,0,outofstock
z2682,2780015670259,84,instock
z3272,2780015670297,186,instock
z2675,2780015670426,161,instock
z3142,2780015671003,111,instock
z2681,2780015671201,97,instock
z3143,2780015671454,304,instock
z3145,2780015671492,24,instock
z3148,2780015671539,149,instock
z2926,3512610000051,4,instock
z2937,3512610000532,2,instock
z2928,3512610001546,12,instock
z2923,3512610003618,19,instock
z2932,3512610014409,3,instock
z2931,3512610045304,11,instock
z3086,3512610045434,29,instock
z3087,3512610045441,34,instock
z3088,3512610045465,29,instock
z2933,3512610053149,31,instock
z2930,3512610125006,13,instock
z3184,3512610140009,8,instock
z2911,3512610210009,5,instock
z2910,3512610310006,8,instock
z2927,3512610314417,40,instock
z2934,3512610353119,30,instock
z2935,3512610353126,11,instock
z2912,3512610410003,6,instock
z2929,3512610434443,20,instock
z2924,3512610440000,3,instock
z2925,3512610444008,9,instock
z3089,3512610454335,19,instock
z3085,3512610454342,30,instock
z3185,3512610454359,93,instock
z3084,3512610454366,35,instock
z2921,3512610454427,93,instock
z3090,3512610454434,4,instock
z2922,3512610454458,52,instock
z3091,3512610454632,19,instock
z3018,3550833100141,3,instock
z3486,3550833100264,2,instock
z3019,3550833300657,13,instock
z3257,3550833300831,4,instock
z3108,3550833300848,0,outofstock
z3021,3550833300879,5,instock
z3109,3550833300909,2,instock
z3024,3550833300923,21,instock
z3282,3550833301487,28,instock
z3073,3550833400180,3,instock
z3020,3550833400586,35,instock
z3110,3550833400838,0,outofstock
z3353,3550833500521,0,outofstock
z3354,3550833500538,2,instock
z3355,3550833500545,6,instock
z3485,3550833500552,24,instock
z3484,3550833500576,103,instock
z2936,3760077550019,1,instock
z2717,4011768631050,1,instock
z2705,4019359132030,26,instock
z2702,4019359132054,13,instock
z2716,4019359820715,4,instock
z2704,4019359827639,136,instock
z2714,4019359840294,31,instock
z2812,4019359840539,7,instock
z3168,4019359841482,3,instock
z2703,4019359841758,1,instock
z2718,4019359880016,19,instock
z2715,4019359880153,19,instock
z2707,4019359880238,3,instock
z2708,4019359880450,0,outofstock
z2706,4019359880474,3,instock
z3167,4019359880481,46,instock
z2710,4019359880603,67,instock
z2701,4019359880733,0,outofstock
z2711,4019359880795,44,instock
z2709,4019359880931,0,outofstock
z3166,4019359881105,1,instock
z2712,4019359881143,21,instock
z2713,4019359881150,83,instock
z2719,4019359881181,31,instock
z2862,4019359882638,38,instock
z2855,4019359882645,7,instock
z2863,4019359882652,21,instock
z2760,4041077200036,4,instock
z2761,4041077200210,11,instock
z2762,4041077200234,2,instock
z3162,4260350560111,3,instock
z3163,4260350560166,1,instock
z2686,4260350560517,42,instock
z2688,4260350560531,31,instock
z2689,4260350560654,21,instock
z2690,4260350560975,31,instock
z2691,4260350560982,35,instock
z2692,4260350561095,21,instock
z2899,4260350563099,56,instock
z2900,4260350563105,30,instock
z2901,4260350564577,17,instock
z2902,4260350564584,27,instock
z3036,4779030060105,150,instock
z2720,4779030060112,955,instock
z3170,4779030060129,612,instock
z2724,4779030060143,248,instock
z2722,4779030060150,300,instock
z2721,4779030060167,980,instock
z2723,4779030060181,137,instock
z2995,4779030060228,25,instock
z3169,4779030060273,820,instock
z2726,4779030060341,151,instock
z2725,4779030060358,697,instock
z3008,4779030060365,74,instock
z3187,4779030060389,1,instock
z2960,4779030060396,35,instock
z2959,4779030060402,48,instock
z2727,4779030060419,2,instock
z3037,4779030060426,50,instock
z3038,4779030060433,166,instock
z3039,4779030060440,188,instock
z3040,4779030060457,257,instock
z3041,4779030060464,206,instock
z3042,4779030060471,270,instock
z3043,4779030060488,289,instock
z3044,4779030060495,142,instock
z3045,4779030060501,233,instock
z3046,4779030060518,59,instock
z3047,4779030060525,199,instock
z3048,4779030060532,218,instock
z3049,4779030060556,144,instock
z3050,4779030060563,172,instock
z3051,4779030060570,147,instock
z3052,4779030060587,39,instock
z3053,4779030060594,72,instock
z3054,4779030060600,188,instock
z3055,4779030060624,227,instock
z3056,4779030060631,198,instock
z3061,4779030060648,250,instock
z2789,4820148900040,30,instock
z2909,4820148900071,9,instock
z2788,4820148900118,13,instock
z2787,4820148900255,50,instock
z2786,4820148900293,124,instock
z3182,4820148900316,6,instock
z2790,4820148900323,34,instock
z2791,4820148900330,63,instock
z2792,4820148900347,2,instock
z2793,4820148900354,3,instock
z2794,4820148900361,2,instock
z2767,5055166343534,0,outofstock
z2830,5055166348454,46,instock
z2842,5055166348478,21,instock
z2828,5055166349499,8,instock
z2765,5055166349970,17,instock
z2884,5055166350051,3,instock
z2879,5055166350105,9,instock
z2880,5055166350112,6,instock
z2846,5055166351980,16,instock
z2886,5055166352376,2,instock
z2772,5055166353113,17,instock
z2883,5055166353250,5,instock
z2885,5055166353304,4,instock
z2829,5055166355001,16,instock
z2768,5055166355117,29,instock
z2826,5055166355124,22,instock
z2769,5055166355131,5,instock
z2770,5055166355148,79,instock
z2763,5055166355186,11,instock
z2771,5055166355377,8,instock
z2893,5055166355407,9,instock
z2875,5055166355476,21,instock
z2876,5055166355506,9,instock
z3174,5055166355599,1,instock
z2827,5055166355940,31,instock
z2831,5055166355995,2,instock
z2832,5055166356008,28,instock
z2871,5055166356091,3,instock
z2870,5055166356107,14,instock
z2869,5055166356114,1,instock
z2877,5055166356572,8,instock
z2882,5055166356589,9,instock
z3009,5055166356596,7,instock
z2881,5055166356602,1,instock
z2878,5055166356619,30,instock
z2891,5055166356657,4,instock
z2889,5055166356664,2,instock
z2890,5055166356671,8,instock
z2892,5055166356688,3,instock
z2874,5055166356701,19,instock
z3006,5055166356725,13,instock
z2888,5055166356916,5,instock
z2872,5055166356930,24,instock
z2868,5055166356947,5,instock
z2896,5055166357043,8,instock
z2894,5055166357050,3,instock
z2895,5055166357067,2,instock
z2897,5055166357074,10,instock
z3058,5055166357241,22,instock
z2860,5055166357296,6,instock
z2861,5055166357302,29,instock
z2766,5055166357319,57,instock
z2764,5055166357326,48,instock
z2903,5055166357340,65,instock
z2858,5055166357364,2,instock
z2859,5055166357371,21,instock
z2873,5055166357524,46,instock
z2887,5055166357579,7,instock
z2906,5055166357630,44,instock
z2907,5055166357647,11,instock
z2908,5055166357654,35,instock
z3057,5055166357685,27,instock
z2905,5055166357708,5,instock
z2904,5055166357722,32,instock
z3103,5055166358286,17,instock
z3102,5055166358309,9,instock
z3104,5055166358439,51,instock
z3106,5055166358453,102,instock
z3105,5055166358460,52,instock
z3107,5055166358477,51,instock
z3255,5055166359337,0,outofstock
z3060,5055166359542,38,instock
z3059,5055166359559,23,instock
z3253,5055166359658,73,instock
z3254,5055166359689,66,instock
z3220,5055166360579,55,instock
z3221,5055166360586,10,instock
z3256,5055166361033,1,instock
z3363,5055166361361,24,instock
z3248,5055166361378,22,instock
z3251,5055166361408,31,instock
z3252,5055166361415,64,instock
z3249,5055166361644,20,instock
z3250,5055166361651,50,instock
z3345,5055166361835,23,instock
z3483,5055166361897,14,instock
z3482,5055166361927,0,outofstock
z3346,5055166362245,66,instock
z3347,5055166362252,62,instock
z3348,5055166362269,58,instock
z3349,5055166362276,69,instock
z3454,5055166362511,21,instock
z3455,5055166362528,23,instock
z3456,5055166362535,18,instock
z3457,5055166362542,14,instock
z3464,5055166362702,28,instock
z3465,5055166362719,42,instock
z3466,5055166362733,41,instock
z3467,5055166362771,35,instock
z3468,5055166362788,38,instock
z3469,5055166362795,31,instock
z3470,5055166362825,23,instock
z3471,5055166362832,29,instock
z3472,5055166362856,30,instock
z3473,5055166362894,26,instock
z3474,5055166362900,26,instock
z3475,5055166362917,31,instock
z3478,5055166362986,31,instock
z3476,,0,outofstock
z3477,,0,outofstock
z3449,5055166363020,28,instock
z3450,5055166363044,27,instock
z3451,5055166363051,35,instock
z3452,5055166363068,176,instock
z3453,5055166363075,52,instock
z3480,5055166363129,5,instock
z3481,,0,outofstock
z3479,,0,outofstock
z3458,5055166363167,25,instock
z3459,,0,outofstock
z3460,,0,outofstock
z3461,5055166363372,34,instock
z3462,5055166363396,97,instock
z3463,5055166363402,42,instock
z3447,5055166363839,37,instock
z3448,5055166363846,68,instock
z3183,5060204030116,1,instock
z2864,5060204030123,5,instock
z3202,5060204030161,20,instock
z3186,5060204030178,0,outofstock
z2839,5060204030208,46,instock
z2841,5060204030369,18,instock
z2840,5060204030383,37,instock
z2838,5060204030406,0,outofstock
z3180,5060204030529,0,outofstock
z3078,5060204030567,12,instock
z3076,5060204030598,7,instock
z3077,5060204030611,6,instock
z3203,5060204030703,2,instock
z3082,5060204030727,8,instock
z3081,5060204030758,1,instock
z2939,5060204031557,18,instock
z2943,5060204031809,13,instock
z2944,5060204031823,18,instock
z2945,5060204031847,11,instock
z2966,5060204032103,15,instock
z2967,5060204032127,16,instock
z2968,5060204032141,11,instock
z2940,5060204032707,8,instock
z2941,5060204032721,13,instock
z2942,5060204032745,7,instock
z2962,5060204032851,0,outofstock
z2938,5060204032943,7,instock
z3083,5060204032950,4,instock
z3079,5060204032967,8,instock
z3080,5060204033278,5,instock
z3074,5060204033315,7,instock
z3075,5060204033353,3,instock
z3261,5060204034343,5,instock
z3262,5060204034350,5,instock
z3263,5060204034367,5,instock
z3258,5060204034374,5,instock
z3259,5060204034381,4,instock
z3260,5060204034398,5,instock
z3264,5060204034404,4,instock
z3265,5060204034411,4,instock
z3266,5060204034428,4,instock
z3281,5060204034619,0,outofstock
z2641,5060272130169,2,instock
z3159,5060272130589,118,instock
z2635,5060272130947,38,instock
z2642,5060272131272,11,instock
z2613,5060272131302,16,instock
z2640,5060272131333,22,instock
z2631,5060272131364,118,instock
z3158,5060272131395,119,instock
z2629,5060272131487,27,instock
z2633,5060272131661,22,instock
z2802,5060272131913,39,instock
z2621,5060272132248,33,instock
z2620,5060272132309,22,instock
z2803,5060272132750,19,instock
z2804,5060272132903,118,instock
z2805,5060272132965,119,instock
z2807,5060272133160,19,instock
z2806,5060272133191,5,instock
z2898,5060272133313,31,instock
z3181,5060272133412,119,instock
z2843,5060272133511,36,instock
z3548,5060272133597,116,instock
z3549,5060272133689,114,instock
z3144,5060639140916,127,instock
z3488,5060639140978,39,instock
z2961,5060639142293,23,instock
z2758,5060639142354,6,instock
z2757,5060639142385,2,instock
z2756,5060639142415,7,instock
z2684,5060639142484,124,instock
z2687,5060639143214,321,instock
z2844,5060639144259,49,instock
z3146,5060639144365,121,instock
z2845,5060639144723,17,instock
z2849,5060639144747,3,instock
z2850,5060639144754,2,instock
z2851,5060639144761,21,instock
z2852,5060639144785,7,instock
z2853,5060639144792,1,instock
z2854,5060639144808,3,instock
z2848,5060639145263,23,instock
z2683,5060639145317,420,instock
z2685,5060639145355,380,instock
z2953,5060639145485,4,instock
z2954,5060639145522,14,instock
z2957,5060639145546,34,instock
z2958,5060639145553,41,instock
z2955,5060639145614,30,instock
z2956,5060639145621,36,instock
z2695,5060639145836,36,instock
z2694,5060639145843,8,instock
z2801,5060639145850,43,instock
z3194,5060639145973,6,instock
z3035,5060639145980,4,instock
z3034,5060639145997,36,instock
z3033,5060639146000,120,instock
z3032,5060639146017,13,instock
z3099,5060639146024,80,instock
z3100,5060639146086,127,instock
z3101,5060639146147,41,instock
z3023,5060639146369,29,instock
z3022,5060639146383,14,instock
z3097,5060639146598,48,instock
z3093,5060639146604,41,instock
z3095,5060639146611,13,instock
z3098,5060639146628,37,instock
z3096,5060639146635,36,instock
z3094,5060639146659,13,instock
z3150,5060639146673,57,instock
z3149,5060639146680,26,instock
z3151,5060639146703,8,instock
z3152,5060639146727,37,instock
z3222,5060639147601,71,instock
z3223,5060639147618,73,instock
z3224,5060639147625,25,instock
z3225,5060639147649,41,instock
z3226,5060639147656,37,instock
z3227,5060639147663,5,instock
z3228,5060639147670,152,instock
z3147,5060639147700,65,instock
z3405,5060639147908,104,instock
z3403,5060639147939,90,instock
z3489,5060639148134,18,instock
z3297,5060639148165,82,instock
z3298,5060639148189,119,instock
z3299,5060639148264,75,instock
z3300,5060639148288,0,outofstock
z3492,5060639148318,4,instock
z3306,5060639148325,39,instock
z3307,5060639148332,42,instock
z3495,5060639148349,37,instock
z3305,5060639148356,117,instock
z3304,5060639148363,17,instock
z3303,5060639148370,25,instock
z3302,5060639148400,22,instock
z3301,5060639148424,82,instock
z3404,5060639148509,143,instock
z3490,5060639148653,18,instock
z3491,5060639148677,19,instock
z3493,5060639148721,14,instock
z3494,5060639148776,13,instock
z3487,5060639148783,83,instock
z2915,5200384501482,25,instock
z2914,5200384501505,2,instock
z2917,5200384501512,13,instock
z2916,5200384501543,24,instock
z2918,5200384501550,9,instock
z2965,5200384502168,0,outofstock
z2963,5200384502182,43,instock
z2964,5200384502199,0,outofstock
z2920,5200384502830,3,instock
z2913,5200384502854,35,instock
z3070,5200384504100,62,instock
z3071,5200384504117,97,instock
z3195,5200384504124,113,instock
z3215,5200384504490,19,instock
z3211,5200384504513,18,instock
z3212,5200384504537,12,instock
z3216,5200384504551,8,instock
z3213,5200384504575,18,instock
z3214,5200384504599,24,instock
z3206,5200384504780,25,instock
z3210,5200384504827,40,instock
z3207,5200384504858,6,instock
z3205,5200384504896,23,instock
z3208,5200384504902,27,instock
z3209,5200384504933,30,instock
z3204,5200384504940,10,instock
z3407,5200384505831,45,instock
z3406,5200384506470,85,instock
z3413,5200384508283,101,instock
z3411,5200384508290,57,instock
z3409,5200384508306,43,instock
z3414,5200384508313,67,instock
z3408,5200384508320,96,instock
z3412,5200384508337,81,instock
z3410,5200384508344,112,instock
z2674,5200384516332,99,instock
z3509,5200384518947,15,instock
z2919,5200384530550,0,outofstock
z3357,5208006030228,13,instock
z3358,5208006050059,8,instock
z3359,5208006050073,5,instock
z3360,5208006125207,33,instock
z3361,5208006125221,16,instock
z3362,5208006233056,31,instock
z2625,5707167005057,69,instock
z2627,5707167005095,89,instock
z2610,5707167199985,46,instock
z2615,5707167200018,155,instock
z2617,5707167200070,200,instock
z2619,5707167200100,155,instock
z2616,5707167200131,22,instock
z2612,5707167200162,156,instock
z2602,5707167231456,8,instock
z2604,5707167231494,2,instock
z2603,5707167231562,62,instock
z2606,5707167231609,2,instock
z2607,5707167231630,19,instock
z2605,5707167231661,45,instock
z2608,5707167231975,0,outofstock
z2609,5707167697726,0,outofstock
z2648,5710409100038,55,instock
z2649,5710409100045,10,instock
z2650,5710409100052,36,instock
z2653,5710409100069,6,instock
z2656,5710409100441,10,instock
z2644,5710409100465,28,instock
z2655,5710409100595,9,instock
z2658,5710409100601,6,instock
z2660,5710409100618,4,instock
z3156,5710409100755,2,instock
z3155,5710409100779,17,instock
z3157,5710409100786,1,instock
z2643,5710409101585,109,instock
z2645,5710409101639,7,instock
z2646,5710409101967,300,instock
z3160,5710409101998,1,instock
z2647,5710409102001,4,instock
z2614,5710409102414,46,instock
z2634,5710409102421,166,instock
z2637,5710409102438,174,instock
z2636,5710409102445,230,instock
z2638,5710409102452,93,instock
z2639,5710409102469,12,instock
z2618,5710409102582,38,instock
z2651,5710409102698,2,instock
z2652,5710409102704,5,instock
z2821,5710409102766,6,instock
z2996,5710409102858,235,instock
z2622,5710409103022,116,instock
z2623,5710409103053,111,instock
z2624,5710409103077,149,instock
z2626,5710409103084,151,instock
z2628,5710409103343,91,instock
z2630,5710409103374,50,instock
z2611,5710409103428,6,instock
z2733,5710409103435,29,instock
z3154,5710409103459,238,instock
z3153,5710409103466,41,instock
z2632,5710409103541,453,instock
z2743,5710409103619,33,instock
z2745,5710409103626,165,instock
z2744,5710409103633,60,instock
z2741,5710409103664,5,instock
z2742,5710409103671,10,instock
z2739,5710409103688,140,instock
z2696,5710409103695,13,instock
z2736,5710409103855,1,instock
z2735,5710409104203,10,instock
z2734,5710409104210,50,instock
z2747,5710409104227,57,instock
z2748,5710409104234,13,instock
z2749,5710409104241,57,instock
z3171,5710409104258,228,instock
z2751,5710409104333,55,instock
z2752,5710409104364,8,instock
z2753,5710409104371,1,instock
z2737,5710409104395,17,instock
z2738,5710409104487,80,instock
z2740,5710409104722,91,instock
z3010,5710409104739,95,instock
z2746,5710409104753,68,instock
z2750,5710409104760,62,instock
z3173,5710409104876,2,instock
z3177,5710409104975,1,instock
z3172,5710409104982,2,instock
z2779,5710409105194,4,instock
z2986,5710409105224,78,instock
z2985,5710409105231,299,instock
z2783,5710409105248,6,instock
z2784,5710409105255,63,instock
z2785,5710409105279,26,instock
z3178,5710409105385,6,instock
z3007,5710409105415,59,instock
z2981,5710409105477,38,instock
z2780,5710409105484,17,instock
z3351,5710409105521,156,instock
z2984,5710409105590,378,instock
z2823,5710409105613,12,instock
z2824,5710409105620,18,instock
z2825,5710409105941,31,instock
z3025,5710409106726,33,instock
z3026,5710409106733,62,instock
z3027,5710409106740,78,instock
z2989,5710409106757,65,instock
z2990,5710409106764,11,instock
z2991,5710409106771,20,instock
z2987,5710409106795,22,instock
z2988,5710409106801,10,instock
z2982,5710409106825,44,instock
z2983,5710409106832,81,instock
z2952,5710409106863,53,instock
z2951,5710409106870,52,instock
z2993,5710409106887,14,instock
z2946,5710409106894,24,instock
z2947,5710409106917,7,instock
z2948,5710409106924,14,instock
z2949,5710409106931,8,instock
z2950,5710409106948,49,instock
z2992,5710409107129,9,instock
z2994,5710409107136,18,instock
z3005,5710409107235,8,instock
z3028,5710409107280,68,instock
z2977,5710409107310,18,instock
z2978,5710409107327,104,instock
z2979,5710409107334,45,instock
z2980,5710409107341,37,instock
z3031,5710409107419,44,instock
z3069,5710409107518,356,instock
z3068,5710409107525,73,instock
z3002,5710409107532,592,instock
z3001,5710409107549,31,instock
z3000,5710409107556,59,instock
z2999,5710409107563,488,instock
z2997,5710409107587,84,instock
z2998,5710409107600,1,instock
z3003,5710409107617,17,instock
z3004,5710409107624,0,outofstock
z3350,5710409108072,63,instock
z3245,5710409108102,8,instock
z3062,5710409108126,320,instock
z3063,5710409108133,53,instock
z3064,5710409108140,53,instock
z3065,5710409108157,8,instock
z3066,5710409108607,34,instock
z3067,5710409108614,64,instock
z3117,5710409108713,510,instock
z3115,5710409108799,20,instock
z3116,5710409108805,61,instock
z3237,5710409108812,1,instock
z3236,5710409108829,9,instock
z3113,5710409108836,33,instock
z3114,5710409108843,42,instock
z3092,5710409108850,8,instock
z3118,5710409109000,45,instock
z3219,5710409109017,50,instock
z3235,5710409109123,1,instock
z3229,5710409109147,48,instock
z3246,5710409109918,59,instock
z3247,5710409109932,29,instock
z3238,5710409109994,94,instock
z3239,5710409110006,147,instock
z3240,5710409110013,311,instock
z3241,5710409110037,59,instock
z3242,5710409110044,42,instock
z3243,5710409110068,49,instock
z3352,5710409110280,69,instock
z3284,5710409110433,11,instock
z3344,5710409110464,19,instock
z3267,5710409110501,201,instock
z3268,5710409110525,239,instock
z3269,5710409110532,96,instock
z3271,5710409111041,66,instock
z3270,5710409111058,5,instock
z3446,5710409111430,54,instock
z3445,5710409111485,22,instock
z3552,5710409111751,25,instock
z3553,5710409111768,21,instock
z3554,5710409111775,21,instock
z3555,5710409111782,21,instock
z3556,5710409111799,26,instock
z3557,5710409111805,21,instock
z3496,5710409112277,31,instock
z3497,5710409112284,32,instock
z3498,5710409112291,29,instock
z3499,5710409112307,33,instock
z3501,5710409112314,19,instock
z3508,5710409113120,9,instock
z3500,5710409113168,31,instock
z3502,5710409113540,16,instock
z2654,5710409200011,88,instock
z2661,5710409200165,13,instock
z2662,5710409200172,8,instock
z2657,5710409200202,7,instock
z2659,5710409200370,3,instock
z2816,5710409200387,5,instock
z2729,5710409200714,66,instock
z2730,5710409200721,86,instock
z2731,5710409200745,0,outofstock
z2697,5710409200776,73,instock
z2699,5710409200783,6,instock
z2698,5710409200790,48,instock
z2754,5710409200806,45,instock
z2755,5710409200813,37,instock
z2782,5710409200905,58,instock
z2778,5710409200912,10,instock
z2781,5710409200929,2,instock
z2817,5710409200943,4,instock
z2818,5710409200950,1,instock
z2819,5710409200974,10,instock
z2820,5710409200981,12,instock
z2822,5710409201087,5,instock
z2856,5710409201209,277,instock
z2857,5710409201223,5,instock
z3551,5710409201285,50,instock
z3550,5710409201292,50,instock
z3072,5710409201391,17,instock
z3193,5710409201421,12,instock
z3112,5710409201834,13,instock
z3111,5710409201858,14,instock
z3244,5710409202046,2,instock
z3285,5710409202114,32,instock
z3503,5710409202282,99,instock
z3504,5710409202299,30,instock
z3505,5710409202305,24,instock
z3506,5710409202312,27,instock
z3507,5710409202336,10,instock
z2732,5712854125215,96,instock
z2601,5712854177474,16,instock
z2800,5712854401715,27,instock
z2798,5712854401753,47,instock
z2796,5712854401777,44,instock
z2797,5712854401791,122,instock
z2795,5712854401814,2,instock
z2799,5712854401838,12,instock
z3356,5712854625739,16,instock
z3308,6938242952372,259,instock
z2837,6938242952938,42,instock
z3189,6938242953089,88,instock
z3190,6938242953102,20,instock
z3191,6938242953362,174,instock
z2836,6938242954024,103,instock
z3309,6938242955281,190,instock
z3310,6938242955519,420,instock
z3311,6938242955557,269,instock
z3312,6938242955922,48,instock
z3313,6938242956394,131,instock
z3314,6938242956769,38,instock
z3179,6938242957070,72,instock
z3315,6938242957087,47,instock
z3316,6938242957094,28,instock
z3317,6938242957377,115,instock
z3318,6938242957506,38,instock
z3319,6938242957537,326,instock
z3320,6938242957629,31,instock
z3321,6938242958251,6,instock
z3322,6938242958268,43,instock
z3323,6938242958800,39,instock
z3324,6938242958909,44,instock
z3325,6938242958916,47,instock
z3326,6938242958930,45,instock
z3327,6938242959234,30,instock
z3328,6938242959760,176,instock
z3329,6938242959975,33,instock
z3330,6938242960827,152,instock
z3332,6938242960896,335,instock
z3331,,0,outofstock
z3333,6938242960971,14,instock
z3334,6938242960988,4,instock
z3335,6938242960995,26,instock
z3336,6938242962104,279,instock
z3337,6938242962135,56,instock
z3338,6938242962210,1,instock
z3339,6938242962227,24,instock
z3340,6938242962555,48,instock
z3341,6938242962814,42,instock
z3342,6938242962999,353,instock
z3343,6938242963026,23,instock
z2759,6970089159514,1,instock
z2673,8412906231495,4,instock
z2668,8412906960074,65,instock
z2670,8412906960081,19,instock
z2672,8412906960104,19,instock
z2667,8412906960180,49,instock
z2671,8412906960203,17,instock
z2669,8412906960210,43,instock
z2813,8412906970332,1,instock
z2815,8412906970370,3,instock
z2666,8412906990019,9,instock
z2665,8412906990026,6,instock
z2663,8412906998039,26,instock
z2664,8412906998053,14,instock
z2728,8427614001902,10,instock
z2835,8427614001919,4,instock
z3386,8427614006006,18,instock
z3387,8427614006013,9,instock
z3388,8427614006020,15,instock
z3389,8427614006037,9,instock
z2810,8427614060145,8,instock
z2973,8427614060503,9,instock
z2809,8427614060602,2,instock
z2808,8427614060619,1,instock
z2971,8427614060695,22,instock
z3390,8427614063344,7,instock
z2972,8427614063627,15,instock
z3391,8427614063696,10,instock
z3392,8427614063726,10,instock
z2970,8427614121143,73,instock
z2969,8427614121150,17,instock
z3393,8427614215804,10,instock
z3394,8427614215811,4,instock
z3395,8427614215828,7,instock
z3396,8427614215835,3,instock
z3397,8427614215842,0,outofstock
z3398,8427614215859,1,instock
z3399,8427614215873,6,instock
z3400,8427614215880,2,instock
z3401,8427614215897,2,instock
z3029,8427614245757,0,outofstock
z3510,8427614245771,8,instock
z3511,8427614245788,4,instock
z3188,8427614406059,1,instock
z2974,8427614406226,14,instock
z2975,8427614406233,5,instock
z2976,8427614406240,4,instock
z3196,8427614408534,23,instock
z3197,8427614408565,3,instock
z3364,8427614408619,14,instock
z3198,8427614408701,2,instock
z3199,8427614408718,20,instock
z3200,8427614408725,15,instock
z3365,8427614409210,22,instock
z3366,8427614409227,13,instock
z3402,8427614409234,2,instock
z2847,8427614506186,0,outofstock
z3030,8427614507299,0,outofstock
z3132,8427614508128,8,instock
z3367,8427614508661,1,instock
z3368,8427614508890,0,outofstock
z3369,8427614508920,7,instock
z3370,8427614508937,11,instock
z3371,8427614508944,39,instock
z3372,8427614508951,16,instock
z3512,8427614509781,23,instock
z3513,8427614509798,17,instock
z2833,8427614602727,0,outofstock
z3175,8427614602789,1,instock
z2773,8427614602949,11,instock
z2774,8427614602956,13,instock
z2775,8427614602963,1,instock
z2776,8427614602970,8,instock
z2777,8427614602987,1,instock
z2811,8427614603144,1,instock
z2834,8427614606527,3,instock
z3130,8427614607807,19,instock
z3138,8427614607876,11,instock
z3119,8427614607982,5,instock
z3120,8427614607999,2,instock
z3373,8427614608057,12,instock
z3374,8427614608071,9,instock
z3129,8427614608187,29,instock
z3139,8427614608200,6,instock
z3140,8427614608255,2,instock
z3131,8427614608323,6,instock
z3121,8427614608347,5,instock
z3122,8427614608354,0,outofstock
z3123,8427614608361,7,instock
z3375,8427614608576,7,instock
z3376,8427614608590,7,instock
z3377,8427614608644,21,instock
z3378,8427614608651,14,instock
z3379,8427614608743,6,instock
z3380,8427614608859,8,instock
z3381,8427614608996,0,outofstock
z3382,8427614609023,1,instock
z3516,8427614609757,9,instock
z3517,8427614609764,5,instock
z3520,8427614609825,6,instock
z3521,8427614609832,4,instock
z3522,8427614609849,3,instock
z3523,8427614609856,4,instock
z3135,8427614653170,3,instock
z3141,8427614653446,2,instock
z3136,8427614653477,20,instock
z3137,8427614653484,1,instock
z3133,8427614653699,1,instock
z3134,8427614653743,1,instock
z3383,8427614653866,9,instock
z3384,8427614653873,6,instock
z3518,8427614654139,6,instock
z3519,8427614654146,6,instock
z3176,8427614980566,1,instock
z3124,8427614981051,1,instock
z3192,8427614981181,2,instock
z3125,8427614981211,0,outofstock
z3126,8427614981440,2,instock
z3128,8427614981693,2,instock
z3127,8427614981723,2,instock
z3515,8427614981914,3,instock
z3385,8427614981969,5,instock
z3514,8427614982119,4,instock
z3233,8699296253058,92,instock
z3230,8699296253072,107,instock
z3231,8699296253089,59,instock
z3232,8699296253096,41,instock
z3234,8699296256585,209,instock
z3291,8699296257261,64,instock
z3292,8699296257278,53,instock
z3294,8699296257513,111,instock
z3293,8699296257582,137,instock
z3295,8699296257674,129,instock
z3296,8699296257698,137,instock
z3286,8699296258305,33,instock
z3287,8699296258312,39,instock
z3290,8699296259845,91,instock
z3283,8699296259852,53,instock
z3289,8699296259869,62,instock
z3288,8699296259876,45,instock
z3161,8719831530083,1,instock
z2693,8719831530786,29,instock
z3278,8906139540542,216,instock
z3279,8906139540559,187,instock
z3280,8906139540573,210,instock
z3274,8906139540900,199,instock
z3275,8906139540924,120,instock
z3273,8906139541556,212,instock
z3276,8906139541648,199,instock
z3277,8906139546131,217,instock
z2700,9786099526522,53,instock
z2866,9790706173009,14,instock
z2867,9790706173016,23,instock
z2865,9790902171908,11,instock
59114787,5907090701228,1,instock
,,103,instock
,,,instock
,,,instock
,,,instock
,,,instock
,,,instock
,,,instock
,,,instock
,,,instock
,,,instock
59114610,5060666872323,17,instock
FB1161,5713034222083,1,instock
FB1355,5713034225107,2,instock
FB1382,5713034226128,2,instock
FB1383,5713034226173,2,instock
FB1388,5713034226289,2,instock
FB1492,5713034272811,2,instock
K2298,3384349402136,2,instock
K2317,3384349124663,25,instock
K2445,3384349124564,11,instock
K2479,8809108011091,191,instock
K2516,3384349127732,38,instock
K2536,3384349127725,41,instock
K2584,3384349124618,12,instock
K2649,3384349402259,0,outofstock
K2658,3384349134334,8,instock
K2660,3384349126827,139,instock
K2674,3384349126759,6,instock
K2746,8809108012302,28,instock
K2747,8809108012388,1,instock
K2786,3384349127374,2,instock
K12585,8809108011992,0,outofstock
K12681,3384349127329,26,instock
K12695,3384349134563,6,instock
K15665,8809108012326,105,instock
K16061,3384349125547,2,instock
K16063,3384349125981,1,instock
K19466,3384349127947,13,instock
K19467,3384349127169,29,instock
K19471,3384348004263,14,instock
K19512,3384349134693,8,instock
K19513,3384349134686,24,instock
K19521,3660950065466,6,instock
K19540,3384349134297,2,instock
K19561,3660950065527,3,instock
K19566,3384349134402,5,instock
K19567,3384349134723,8,instock
K19572,3384349128050,6,instock
K19574,3384349126926,4,instock
K19577,8809108011138,3,instock
K19651,3384349134792,2,instock
K19653,3384349134631,12,instock
K19654,3384349134815,9,instock
K19655,3384349134778,3,instock
K19656,3384349134785,9,instock
K19659,3384349134808,2,instock
K19700,8809108012753,0,outofstock
K19701,8809108010032,5,instock
K19702,3384349134730,2,instock
K19703,3384349134822,0,outofstock
K19735,3384349134860,8,instock
K19736,3384349134877,10,instock
K19737,3384349203573,9,instock
K19738,3384349203566,10,instock
K19739,3384349121099,87,instock
K19743,3660950068917,1,instock
K19745,3384349116736,4,instock
K19746,3384349203498,11,instock
K19747,3384349134648,13,instock
K19749,3660950073676,1,instock
K19759,3384349402549,6,instock
K19762,3384349116705,6,instock
K19763,3384349302955,8,instock
K19764,3384349203580,7,instock
K19782,3384349203528,2,instock
K19786,3384349134747,3,instock
K19903,3384349129071,0,outofstock
K21921,3384348007066,14,instock
K22607,3384348007677,-1,outofstock
K22623,3384349129088,13,instock
K22626,3384349129101,41,instock
K22627,3384349402402,5,instock
K22646,3384349134914,12,instock
K22647,3384349134891,0,outofstock
K22677,3384349127176,32,instock
K22678,3384349126919,2,instock
K22705,3384349129521,1,instock
K22707,3384349135010,6,instock
K22708,3384349135027,1,instock
K22712,3384349116576,11,instock
K22716,3384349402624,2,instock
K22718,3384349303013,3,instock
K22719,3384349303051,0,outofstock
K22720,3384349303068,6,instock
K22721,3384349303105,1,instock
K22723,3384349303150,2,instock
K22724,3384349303167,1,instock
K22730,8809108011909,37,instock
K22742,5420007147075,1,instock
K22746,5420007137687,2,instock
K22799,3384349129095,32,instock
K22801,3384349135072,15,instock
K22832,3660950075090,1,instock
K22833,3384349133818,16,instock
K22843,0000000000014,11,instock
K22844,0000000000015,92,instock
K22863,3384349116699,0,outofstock
K22868,5420007160623,2,instock
K22888,3384349126155,12,instock
K23039,3384349125950,8,instock
K23041,3384349134259,14,instock
K23042,3384349302993,11,instock
K23043,3384349303006,3,instock
K23045,3384349203122,16,instock
K23046,3384349203450,5,instock
K23048,3384349124885,1,instock
K23052,3384349128067,4,instock
K23208,3384349402600,2,instock
K23212,3384348009275,2,instock
K23340,3384349203115,5,instock
K23341,3384349203726,14,instock
K23342,3384349203764,9,instock
K23343,3384349203771,7,instock
K23345,3384349134266,14,instock
K23467,8809108013682,263,instock
K23468,8809108013675,159,instock
K23469,8809108013279,4,instock
K23471,8809108012319,27,instock
K23472,8809108013408,109,instock
K23473,450001113355,15,instock
K23474,8809108013415,26,instock
K23475,8809108013330,4,instock
K23481,3384349135003,2,instock
K23482,3384349134990,6,instock
K23483,3384349134976,6,instock
K23486,3660950073270,2,instock
K23491,3384349134310,3,instock
K23504,3384349135201,7,instock
K23507,3384349203542,1,instock
K23508,3384349203535,2,instock
K23582,5420007155742,1,instock
K23583,5420007156077,5,instock
K23585,3384349135270,5,instock
K23586,3384349135263,2,instock
K23587,3384349303297,6,instock
K23588,3384349135225,27,instock
K23592,5420007160432,10,instock
K23751,3384348006939,1,instock
K23825,800427,0,outofstock
K23827,800435,10,instock
K23829,3384349303303,6,instock
K23830,3384349135249,3,instock
K23832,3384349402730,2,instock
K23833,3384349402679,2,instock
K23836,5420007143220,2,instock
K23838,5420007158774,3,instock
K23841,5420007143213,1,instock
K23845,1230000046015,72,instock
K23851,3384349402686,2,instock
K23854,3384349203948,8,instock
K23855,3384349203962,2,instock
K23856,3384349140014,5,instock
K23859,3384349402778,4,instock
K23860,3384349402761,11,instock
K23861,5420007136550,20,instock
K23862,5420007133436,3,instock
K23883,5420007163112,4,instock
K23884,5420007145040,2,instock
K23887,3384349129767,8,instock
K23890,5420007158729,8,instock
K23894,5420007156114,1,instock
K23897,5420007162085,4,instock
K23898,5420007162061,5,instock
K23899,5420007145361,2,instock
K23902,5420007150556,3,instock
K23903,5420007150594,3,instock
K23904,5420007160883,2,instock
K23905,5420007162047,1,instock
K26650,3384349135355,6,instock
K26651,3384349303334,6,instock
K26654,3384349135331,1,instock
K26658,3384349135317,9,instock
K26667,3384349135393,49,instock
K26671,3384349128609,0,outofstock
K26673,3384349116712,4,instock
K26680,5420007163105,3,instock
K27974,5420007162627,4,instock
K27987,5420007155858,1,instock
K28002,3384349140021,16,instock
K28004,3384349140045,5,instock
K28005,5420007163877,0,outofstock
K28008,5420007163662,2,instock
K28010,5420007163020,2,instock
K28013,5420007163143,1,instock
K28014,5420007159450,3,instock
K28015,5420007161989,0,outofstock
K28016,5420007160920,3,instock
K28018,3384349150426,1,instock
K28019,3384349135416,8,instock
K28020,3384348009282,25,instock
K28022,3384349135379,7,instock
K28333,3384349133986,10,instock
K28334,3384349134006,7,instock
K28335,3384349135447,4,instock
K28336,3384349135430,7,instock
K28337,3384349402792,1,instock
K28373,3384349116750,7,instock
K28384,3384349150433,3,instock
K28392,5420007156251,1,instock
K28393,5420007162603,1,instock
K28395,5420007158743,1,instock
K28396,5420007161842,1,instock
K28401,3384349135522,20,instock
K28404,3384349402846,3,instock
K28405,3384349402839,7,instock
K28417,3384349135492,3,instock
K28433,8809108011565,11,instock
K28438,8809108012982,28,instock
K28440,8809108014450,27,instock
K28442,5420007162634,1,instock
K28449,3384349163204,1,instock
K28462,3384349135515,11,instock
K28472,3384349135546,8,instock
K28473,3384349135478,10,instock
K28474,3384349402860,2,instock
K28475,3384349402853,2,instock
K28476,3384349135591,10,instock
K28477,5420007161088,1,instock
K28478,5420007158811,2,instock
K28479,5420007163358,2,instock
K28481,5420007158781,1,instock
K28482,5420007162009,1,instock
K28485,8809108014474,36,instock
K28494,1000000000021,18,instock
K28512,3384349402815,4,instock
K28513,3384349116521,3,instock
K28516,3384349303419,2,instock
K28518,3384349303358,1,instock
K28519,3384349303341,3,instock
K28520,3384349303525,2,instock
K28521,3384349303518,12,instock
K28522,3384349303501,7,instock
K28523,3384349303495,9,instock
K28526,3384349303457,3,instock
K28527,3384349303440,0,outofstock
K28529,3384349303426,1,instock
K28531,5420007164737,4,instock
K28553,5420007164386,1,instock
K28554,5420007164867,2,instock
K28555,5420007164942,3,instock
K28556,5420007164874,3,instock
K28557,5420007164959,2,instock
K28558,3384349163037,2,instock
K28560,3384349163013,1,instock
K28570,5420007150983,1,instock
K28571,3384349402952,2,instock
K28572,3384349203832,4,instock
K28573,3384349203849,6,instock
K28577,3384349116149,2,instock
K28578,3384349116163,6,instock
K28602,0647168301732,5,instock
K28613,3384349203436,4,instock
K28616,3384349203887,5,instock
K28617,3384349203900,4,instock
K28618,3384349203917,6,instock
K28619,3384349203924,4,instock
K28620,3384349203931,5,instock
K28621,3384349203511,2,instock
K28622,3384349203788,3,instock
K28623,3384349203863,1,instock
K28624,3384349203993,5,instock
K28632,3384349203283,1,instock
K28633,5420007113681,0,outofstock
K28636,3384349402440,2,instock
K28639,3384349135423,8,instock
K28654,3384349460013,0,outofstock
K28658,3384349140069,3,instock
K28661,3384349303129,4,instock
K28662,3384349203467,5,instock
K28663,3384349135669,1,instock
K28665,3384349203795,2,instock
K28666,3384349140052,2,instock
K28668,5420007161927,3,instock
K28670,5420007148966,1,instock
K28671,5420007158705,1,instock
K28672,5420007161828,1,instock
K28675,3384349117139,0,outofstock
K28676,3384349117115,20,instock
K28678,3384349135720,12,instock
K28679,3384349117122,0,outofstock
K28682,5420007159733,1,instock
K28684,5420007160395,1,instock
K28685,3384349303143,3,instock
K28686,3384349303242,3,instock
K28687,3384349303235,8,instock
K28693,3384349303488,3,instock
K28694,3384349303396,5,instock
K28695,3384349303389,4,instock
K28696,3384349135713,7,instock
K28703,5420007163655,2,instock
K28710,0799787260843,0,outofstock
K28715,5420007150808,2,instock
K28720,8809108014498,13,instock
K28721,8809108014481,20,instock
K28722,8809108013996,82,instock
K28726,8809108010414,34,instock
K28729,8809108010416,41,instock
K28730,8809108010415,24,instock
K28732,8809108014948,89,instock
K28733,8809108012876,90,instock
K28756,3384349403133,5,instock
K28757,3384349403102,5,instock
K28758,5420007163372,0,outofstock
K28784,5420007129262,3,instock
K28785,5420007137786,1,instock
K28804,3384349167103,25,instock
K28805,3384349140076,15,instock
K28810,5420007158453,2,instock
K28811,5420007159481,3,instock
K28812,5420007167554,3,instock
K28816,5420007159177,4,instock
K28819,3384348008919,15,instock
K28820,3384348008902,0,outofstock
K28831,5420007162955,1,instock
K28840,5420007168032,2,instock
K28858,3384349117146,8,instock
K28859,5420007163334,0,outofstock
K28860,3384349204044,3,instock
K28861,3384349204037,3,instock
K28862,3384349117214,2,instock
K28863,3384349203986,4,instock
K28923,3384349480097,4,instock
K28924,3384349480073,12,instock
K28926,3384349303549,2,instock
K28927,3384349150549,2,instock
K28928,3384349303532,9,instock
K28929,3384349140083,60,instock
K28932,3384349150501,1,instock
K28952,3660950076066,1,instock
K28954,3384349117207,3,instock
K28958,0647168300957,11,instock
K28959,0647168301022,91,instock
K28960,0647168301640,63,instock
K28961,0647168301664,30,instock
K28962,0647168301152,82,instock
K28963,0647168301602,265,instock
K28964,0647168301190,14,instock
K28965,0647168301176,223,instock
K28966,0647168301138,13,instock
K28971,0647168301268,30,instock
K28972,0647168301251,35,instock
K28973,0647168301534,0,outofstock
K28974,0799787260720,22,instock
K28975,0799787260676,29,instock
K28976,0647168300926,18,instock
K28977,0647168300964,14,instock
K28979,0647168300995,54,instock
K28981,5420007161453,4,instock
K28982,5420007161477,4,instock
K28983,5420007161491,5,instock
K28990,0647168300896,43,instock
K28991,0647168300889,31,instock
K28992,0647168301428,37,instock
K29050,3384349403164,2,instock
K29051,3384349402969,3,instock
K29052,3384349403188,7,instock
K29053,3384349403089,1,instock
K29054,3384349402891,3,instock
K29055,3384349135775,12,instock
K29056,3384349135812,24,instock
K29057,3384349135805,22,instock
K29058,3384349135782,12,instock
K29059,5420007158378,3,instock
K29060,5420007158330,4,instock
K29061,5420007158354,3,instock
K29068,3384349460006,2,instock
K29080,3384349403027,2,instock
K29081,3384348011100,1,instock
K29082,3384349403157,2,instock
K29107,5420007167684,3,instock
K29108,5420007167714,2,instock
K29109,5420007161903,1,instock
K29110,3384349402235,1,instock
K29111,3384349140120,17,instock
K29112,3384349140137,15,instock
K29113,3384349140144,25,instock
K29127,3384349303648,4,instock
K29130,3384349135768,8,instock
K29131,5420007168131,2,instock
K29132,5420007168124,0,outofstock
K29133,1230000046763,23,instock
K29134,5420007163341,1,instock
K29145,0647168301718,13,instock
K29146,0647168301183,67,instock
K29148,0647168301633,26,instock
K29149,0602835182427,29,instock
K29150,0647168301626,14,instock
K29152,0602835182496,149,instock
K29154,0602835182229,99,instock
K29155,0762765366875,29,instock
K29156,5420007163389,1,instock
K29157,3384349303716,1,instock
K29158,3384349140106,48,instock
K29160,3384349140113,2,instock
K29161,3384349140090,45,instock
K29163,3384349402877,1,instock
K29164,5420007168247,1,instock
K29165,3384349117283,8,instock
K29166,0799787260829,0,outofstock
K29171,0762765367186,3,instock
K29172,0762765366882,13,instock
K29173,0647168300971,17,instock
K29184,3384349135829,5,instock
K29185,5420007164041,1,instock
K29186,5420007168209,5,instock
K29187,5420007168193,5,instock
K29188,5420007168087,3,instock
K29189,3384349135799,6,instock
K29191,1230000046367,40,instock
K29195,0762765366950,29,instock
K29196,0762765366943,74,instock
K29197,0762765366967,10,instock
K29201,0762765366974,42,instock
K29232,0647168301442,41,instock
K29233,0762765367087,7,instock
K29234,0647168301688,8,instock
K29235,0647168301671,24,instock
K29236,0647168301695,8,instock
K29237,0762765367216,0,outofstock
K29239,0602835182366,43,instock
K29240,0647168301701,9,instock
K29241,3384349303556,6,instock
K29242,3384349117337,3,instock
K29243,3384349403256,3,instock
K29244,3384349135850,5,instock
K29246,3384349403249,1,instock
K29247,3384349135874,6,instock
K29250,3384349204075,6,instock
K29251,3384349117306,4,instock
K29252,3384349117290,8,instock
K29253,3384349403201,0,outofstock
K29256,0602835182021,6,instock
K29257,0602835182038,44,instock
K29261,5420007159917,1,instock
K29263,0762765368169,18,instock
K29265,0762765368275,0,outofstock
K29267,0762765368299,84,instock
K29268,0647168301282,21,instock
K29269,0799787261208,6,instock
K29270,0799787261215,10,instock
K29271,0799787261222,2,instock
K29272,0799787261239,13,instock
K29296,5420007163365,1,instock
K29318,0602835182502,333,instock
K29321,1230000046435,29,instock
K29328,3384349135836,0,outofstock
K29329,3384349135843,8,instock
K29332,5420007163792,0,outofstock
K29333,5420007169060,1,instock
K29334,1230000046541,8,instock
K29336,0762765368305,6,instock
K29337,0762765368190,42,instock
K29338,0762765368336,0,outofstock
K29340,0762765368206,12,instock
K29341,0762765368350,64,instock
K29343,0799787260805,12,instock
K29344,0762765367759,42,instock
K29345,0762765368282,139,instock
K29347,0762765368367,10,instock
K29348,0762765368312,7,instock
K29349,0762765368329,40,instock
K29358,8809108015099,37,instock
K29359,8809108015778,22,instock
K29360,8809108013583,11,instock
K29361,8809108014184,49,instock
K29362,8809108016812,129,instock
K29363,8809108017093,52,instock
K29364,8809108014023,20,instock
K29365,8809108014467,23,instock
K29366,8809108016751,86,instock
K29367,8809108016768,50,instock
K29368,8809108015372,0,outofstock
K29369,8809108017215,80,instock
K29370,8809108015709,4,instock
K29377,0810184053316,0,outofstock
K29379,0810184053293,0,outofstock
K29380,0602835181857,0,outofstock
K29381,0810184053309,1,instock
K29383,0762765367902,28,instock
K29384,0762765367308,55,instock
K29385,0762765367315,58,instock
K29386,0718603873593,16,instock
K29387,8809108015433,40,instock
K29391,3384349402976,2,instock
K29392,5420007104283,2,instock
K29393,3384349403171,2,instock
K29394,3384349204105,21,instock
K29395,3384349204112,4,instock
K29396,0647168301015,47,instock
K29397,0799787260362,27,instock
K29398,0762765368176,20,instock
K29399,0762765368244,3,instock
K29400,0810184054450,0,outofstock
K29401,3384349135157,7,instock
K29402,5420007169206,1,instock
K29406,3384349140151,14,instock
K29413,1230000046022,45,instock
K29414,5420007168018,1,instock
K29418,0602835182434,207,instock
K29419,0602835182472,23,instock
K29425,0602835182410,64,instock
K29427,0810123509522,105,instock
K29430,0810184055648,112,instock
K29432,0799787260669,19,instock
K29433,0810184055631,79,instock
K29434,0799787260652,35,instock
K29437,0602835182632,16,instock
K29438,0810184055655,32,instock
K29454,3384349117375,2,instock
K29455,5420007160906,0,outofstock
K29456,5420007169718,3,instock
K29457,3384349204198,11,instock
K29459,3384349303693,1,instock
K29460,3384349303662,3,instock
K29462,3384349303709,3,instock
K29463,3384349303655,3,instock
K29464,8426420084611,3,instock
K29465,8426420084550,25,instock
K29466,8426420036832,3,instock
K29467,8426420037440,1,instock
K29468,8426420084581,19,instock
K29469,8426420900386,3,instock
K29471,8426420084352,0,outofstock
K29473,8426420084420,1,instock
K29475,8426420081696,20,instock
K29476,8426420081634,10,instock
K29477,8426420084505,22,instock
K29478,8426420084475,10,instock
K29479,8426420084956,11,instock
K29480,8426420084864,22,instock
K29481,8426420084895,4,instock
K29482,8426420084925,19,instock
K29484,5420007169756,3,instock
K29485,5420007169640,0,outofstock
K29486,5420007169732,3,instock
K29487,3384349204181,0,outofstock
K29488,3660950076516,8,instock
K29489,3660950076509,10,instock
K29490,3660950076455,21,instock
K29495,0810123508877,9,instock
K29501,0810184054474,170,instock
K29504,3384349135942,13,instock
K29505,3384349135935,9,instock
K29506,3384349135966,5,instock
K29507,3384349140175,14,instock
K29508,3384349117498,6,instock
K29509,3660950076523,15,instock
K29510,3384349135911,4,instock
K29511,8426420900355,6,instock
K29512,3384349135959,9,instock
K29513,3384349303914,9,instock
K29514,3384349135973,15,instock
K29515,3384349403300,4,instock
K29517,3384349117467,11,instock
K29518,3384349204211,4,instock
K29519,3384349135928,12,instock
K29521,0647168301275,46,instock
K29522,0762765368442,1,instock
K29525,0810184054849,6,instock
K29526,0810184056492,24,instock
K29527,0810123508976,19,instock
K29528,0810184051343,9,instock
K29529,0602835181864,39,instock
K29530,0810184055792,53,instock
K29531,0647168300988,38,instock
K29532,0602835182236,30,instock
K29533,0810184058427,80,instock
K29534,0810184058403,58,instock
K29535,0810184055143,4,instock
K29536,0810123505500,56,instock
K29537,0810184054771,4,instock
K29538,0810184058700,11,instock
K29539,0810184058687,27,instock
K29540,0810123509546,13,instock
K29541,0810123509539,60,instock
K29547,0602835182281,30,instock
K29548,0762765368732,18,instock
K29550,3384349162054,0,outofstock
K29551,3384349303822,3,instock
K29554,0799787260881,16,instock
K29555,0799787260904,0,outofstock
K29556,0602835182489,36,instock
K29567,5420007168377,1,instock
K29568,5420007164379,1,instock
K29569,3384349162023,1,instock
K29570,3384349304041,5,instock
K29578,0840506400467,10,instock
K29579,0810184057956,26,instock
K29580,0762765368664,23,instock
K29581,0810184056553,75,instock
K29582,0840506402560,65,instock
K29583,0602835182052,7,instock
K29585,0810184055761,49,instock
K29586,0840506400030,124,instock
K29587,0810184056188,15,instock
K29588,0840506402553,65,instock
K29589,0810123509508,34,instock
K29590,0810184054733,60,instock
K29591,0840506400429,87,instock
K29597,3384349403218,2,instock
K29598,3384349135997,8,instock
K29599,3384349136000,20,instock
K29600,5420007170387,2,instock
K29601,5420007170318,2,instock
K29602,5420007170424,2,instock
K29603,5420007169046,1,instock
K29604,3384349135980,14,instock
K29605,3384349403423,4,instock
K29606,5420007164171,1,instock
K29607,5420007156053,1,instock
K29609,1220000600362,0,outofstock
K29610,8809108015785,15,instock
K29611,8809108014962,89,instock
K29612,8809108015280,77,instock
K29613,8809108015297,23,instock
K29614,8809108015303,65,instock
K29615,8809108015310,50,instock
K29616,8809108016133,32,instock
K29618,8809108016140,50,instock
K29621,0810184050926,2,instock
K29622,0602835182557,51,instock
K29623,0602835182212,37,instock
K29624,0810123505494,17,instock
K29625,0810184054641,88,instock
K29626,0810184054818,39,instock
K29627,0647168301169,33,instock
K29628,0840506404847,65,instock
K29629,0840506404854,34,instock
K29631,1230000046220,12,instock
K29640,3384349204167,1,instock
K29641,3384349480080,16,instock
K29642,3384349136338,0,outofstock
K29643,3384349136147,15,instock
K29644,3384349136352,6,instock
K29645,3384349136321,4,instock
K29649,3384349167196,3,instock
K29653,0840506401396,84,instock
K29654,0840506407268,44,instock
K29655,0840506407275,37,instock
K29656,0840506407251,21,instock
K29659,0810184056034,30,instock
K29660,0840506407244,28,instock
K29661,0840506407138,79,instock
K29662,0840506407145,10,instock
K29664,0840506403048,15,instock
K29665,3384349204150,3,instock
K29667,3384349204143,8,instock
K29668,3384349150747,18,instock
K29669,3384349150730,23,instock
K29670,3384349150761,10,instock
K29671,5420007169343,1,instock
K29672,0810184050919,36,instock
K29673,0810123504206,0,outofstock
K29674,0810184054979,57,instock
K29690,0840506410176,12,instock
K29691,0840506407817,15,instock
K29692,0810184055785,26,instock
K29694,0840506412194,15,instock
K29695,0840506412224,100,instock
K29696,0810184056577,63,instock
K29698,0840506412187,0,outofstock
K29700,3384349117535,7,instock
K29701,8426420005593,1,instock
K29703,3384349304072,137,instock
K29704,8426420083812,3,instock
K29705,5420007170356,3,instock
K29706,8426420005678,3,instock
K29707,3384349136314,9,instock
K29708,3384349117511,5,instock
K29709,3384349117429,9,instock
K29710,3384349304065,4,instock
K29711,3384349136390,2,instock
K29712,3384349403294,2,instock
K29713,5420007170226,1,instock
K29714,5420007170202,2,instock
K29715,3384349204204,3,instock
K29716,3384349136383,2,instock
K29717,3384349117542,4,instock
K29718,8426420036849,5,instock
K29719,8426420901031,3,instock
K29720,8426420037433,5,instock
K29721,3660950076134,29,instock
K29722,5420007170325,1,instock
K29723,8426420901079,3,instock
K29724,8426420083805,3,instock
K29725,8426420905176,2,instock
K29727,3384349140304,0,outofstock
K29728,0840506408357,24,instock
K29731,1220000600324,89,instock
K29738,5420007161309,2,instock
K29739,3384349304270,9,instock
K29740,8426420085991,31,instock
K29741,8426420901048,3,instock
K29742,3384348010240,6,instock
K29743,8426420902267,14,instock
K29744,8426420902274,31,instock
K29745,3384349136451,0,outofstock
K29746,3384349136444,9,instock
K29747,8426420086097,5,instock
K29748,8426420086080,20,instock
K29749,8426420086103,4,instock
K29768,0602835182588,12,instock
K29769,0810184054788,39,instock
K29771,3384349303969,1,instock
K29772,3384349304263,3,instock
K29773,3384349304232,3,instock
K29774,3384349304225,4,instock
K29775,3384349304157,7,instock
K29777,3384349304096,1,instock
K29778,3384349303983,2,instock
K29779,3384349303938,3,instock
K29781,3384349303600,2,instock
K29782,3384349303594,3,instock
K29783,3384349303587,3,instock
K29784,8426420085977,27,instock
K29785,8426420085984,13,instock
K29786,8426420907651,3,instock
K29787,8426420002813,6,instock
K29788,8426420907668,3,instock
K29789,3384349460068,2,instock
K29790,8426420079464,11,instock
K29791,3384349304201,4,instock
K29792,3384349304287,0,outofstock
K29793,8426420904117,10,instock
K29794,3384349304256,4,instock
K29795,3384349403560,3,instock
K29796,5420007169848,1,instock
K29798,3384349304218,2,instock
K29799,3384349303976,4,instock
K29800,3384349304249,3,instock
K29801,3660950036565,4,instock
K29802,3384349403515,2,instock
K29803,3384349304294,2,instock
K29804,3384349303860,2,instock
K29805,3384349304195,4,instock
K29806,3384349304164,9,instock
K29807,3384349303846,1,instock
K29809,3384349304133,4,instock
K29810,3384349304102,1,instock
K29811,3384349303877,2,instock
K29812,3384349304171,1,instock
K29813,3384349136376,5,instock
K29814,8426420902373,12,instock
K29815,3384349403195,2,instock
K29816,5420007169053,1,instock
K29817,3384349303921,1,instock
K29818,3384349304010,2,instock
K29819,3384349304027,3,instock
K29821,3384349304126,1,instock
K29822,3384349304119,1,instock
K29823,8426420086776,5,instock
K29824,8426420086790,5,instock
K29825,8426420086783,5,instock
K29826,8426420902366,10,instock
K29827,3384349403546,6,instock
K29828,3384349304188,1,instock
K29829,3384349303990,1,instock
K29830,8426420904124,10,instock
K29833,0840506417854,6,instock
K29835,0840506407237,10,instock
K29836,0810123507108,23,instock
K29837,0810123504329,17,instock
K29838,0647168301305,46,instock
K29839,0647168301312,19,instock
K29840,0840506407282,11,instock
K29841,0810123501533,10,instock
K29842,0810184059738,42,instock
K29843,0810184053248,28,instock
K29844,0840506400405,34,instock
K29845,0840506407695,17,instock
K29846,0840506409613,50,instock
K29847,0647168301299,44,instock
K29848,0840506417861,17,instock
K29849,0840506403666,19,instock
K29850,5420007168797,1,instock
K29851,5420007169183,1,instock
K29852,8426420904100,4,instock
K29853,3384349136420,30,instock
K29854,3384349136437,31,instock
K29855,8426420080422,3,instock
K29856,8426420087179,2,instock
K29858,8426420079457,6,instock
K29860,3384349136369,7,instock
K29863,0810184055754,415,instock
K29867,0840506409620,93,instock
K29869,8426420902618,1,instock
K29870,8426420908603,6,instock
K29871,8426420908559,12,instock
K29872,8426420908528,9,instock
K29873,8426420084604,29,instock
K29874,8426420908542,11,instock
K29875,8426420908535,12,instock
K29876,8426420908511,10,instock
K29877,8426420084567,29,instock
K29878,8426420084574,27,instock
K29879,8426420908597,3,instock
K29880,8426420084628,9,instock
K29881,8426420084482,5,instock
K29882,8426420902601,13,instock
K29883,8426420902625,3,instock
K29884,8426420908627,12,instock
K29885,8426420084512,12,instock
K29886,3384349403553,21,instock
K29887,8426420902595,12,instock
K29888,8426420902663,2,instock
K29889,8426420078719,24,instock
K29890,8426420902656,2,instock
K29891,5420007168216,2,instock
K29894,0840506418844,77,instock
K29895,0840506403024,44,instock
K29896,8426420908573,7,instock
K29905,3384349136475,14,instock
K29906,3384349136468,17,instock
K29928,3384349304317,0,outofstock
K29966,3384349140328,33,instock
K29967,3384349140311,38,instock
K29973,3384349150839,6,instock
CT-R-00024-MI,850036293231,4,instock
